4es,DATE,D,TYPE,,COLOR,O,V,V,BUILD,TS R,üî•,SM,T1,WAX,T2,BAG,BOX,GEWICHT,BOX,LAB,üì©,‚û°Ô∏è,T&T,OPMERKINGEN
,,,329,188 | 127,,295,295,,468,47,282,283,283,283,280,203,254,,276,268,49,261,,
1240,16-3-2024,399,NATEY D4,440,C,TRUE,TRUE,TRUE,30-05-2024,TRUE,TRUE,TRUE,TRUE,TRUE,TRUE,NATEY M,20 x 16 x 14,0.5,TRUE,TRUE,FALSE,TRUE,,
1249,22-3-2024,393,INNATO G3,432,C,TRUE,TRUE,TRUE,10-05-2024,TRUE,TRUE,TRUE,TRUE,TRUE,TRUE,INNATO XL,35 x 35 x 35,2,TRUE,TRUE,FALSE,TRUE,5112925381586,
1257,27-3-2024,388,INNATO B3,432,SB,TRUE,TRUE,TRUE,10-05-2024,TRUE,TRUE,TRUE,TRUE,TRUE,TRUE,INNATO L,ophalen,ophalen,TRUE,FALSE,TRUE,TRUE,,
1259,2-4-2024,382,NATEY C4,440,C,TRUE,TRUE,TRUE,27-05-2024,TRUE,TRUE,FALSE,TRUE,TRUE,TRUE,NATEY M,20 x 16 x 14,0.5,TRUE,TRUE,FALSE,TRUE,,
1261,9-4-2024,375,INNATO F#3,432,C,TRUE,TRUE,TRUE,10-05-2024,TRUE,TRUE,TRUE,TRUE,TRUE,TRUE,INNATO XXL,35 x 35 x 35,2.4,TRUE,TRUE,FALSE,TRUE,275332013615,
1266,16-4-2024,368,INNATO C4,440,B,TRUE,FALSE,TRUE,10-05-2024,TRUE,TRUE,TRUE,TRUE,TRUE,TRUE,INNATO M,31 x 31 x 31,1.6,TRUE,TRUE,FALSE,TRUE,275331532879,
1268,18-4-2024,366,INNATO Bb3,440,B,TRUE,TRUE,TRUE,25-05-2024,TRUE,TRUE,TRUE,TRUE,TRUE,TRUE,INNATO L,31 x 31 x 31,1.8,TRUE,TRUE,FALSE,TRUE,,
1269,19-4-2024,365,NATEY Bb3,440,SB,TRUE,TRUE,TRUE,10-05-2024,TRUE,TRUE,TRUE,TRUE,TRUE,TRUE,NATEY L,30 x 12 x 12,0.6,TRUE,TRUE,FALSE,TRUE,275331532011,
1270,20-4-2024,364,NATEY D4,440,SB,TRUE,TRUE,TRUE,10-05-2024,TRUE,TRUE,TRUE,TRUE,TRUE,TRUE,NATEY M,30 x 12 x 12,0.5,TRUE,TRUE,FALSE,TRUE,5112925381578,
1273,23-4-2024,361,INNATO A3,440,B,TRUE,TRUE,TRUE,29-05-2024,TRUE,TRUE,TRUE,TRUE,TRUE,TRUE,INNATO XL,31 x 31 x 31,1.9,TRUE,TRUE,FALSE,TRUE,,
1274,24-4-2024,360,INNATO A3,440,C,TRUE,TRUE,TRUE,10-05-2024,TRUE,TRUE,TRUE,TRUE,TRUE,TRUE,INNATO XL,31 x 31 x 31,1.9,TRUE,TRUE,FALSE,TRUE,275331999457,
1276,24-4-2024,360,INNATO D4,440,T,TRUE,TRUE,TRUE,10-05-2024,TRUE,TRUE,TRUE,TRUE,TRUE,TRUE,INNATO S,40 x 40 x 40,3.2,TRUE,TRUE,FALSE,TRUE,275331532397,
1276,24-4-2024,360,INNATO A3,440,T,FALSE,TRUE,TRUE,10-05-2024,TRUE,TRUE,TRUE,TRUE,TRUE,TRUE,INNATO XL,samen,samen,TRUE,TRUE,FALSE,TRUE,,
1279,26-4-2024,358,INNATO Bb3,432,SB,TRUE,TRUE,TRUE,10-05-2024,TRUE,TRUE,TRUE,TRUE,TRUE,TRUE,INNATO XL,35 x 35 x 35,1.9,TRUE,TRUE,FALSE,TRUE,5112925381576,
1280,26-4-2024,358,NATEY B3,440,C,TRUE,TRUE,TRUE,10-05-2024,TRUE,TRUE,TRUE,TRUE,TRUE,TRUE,NATEY L,30 x 12 x 12,0.5,TRUE,TRUE,FALSE,TRUE,275331531997,
1281,27-4-2024,357,INNATO F#3,440,B,TRUE,TRUE,TRUE,04-06-2024,TRUE,TRUE,TRUE,TRUE,TRUE,TRUE,INNATO XXL,35 x 35 x 35,2.5,TRUE,TRUE,FALSE,TRUE,,
1282,28-4-2024,356,ZEN M,----,T,TRUE,TRUE,TRUE,10-05-2024,TRUE,TRUE,TRUE,TRUE,TRUE,TRUE,ZEN M,20 x 16 x 14,0.4,TRUE,TRUE,FALSE,TRUE,275331975254,
1283,28-4-2024,356,INNATO C4,440,B,TRUE,TRUE,TRUE,10-05-2024,TRUE,TRUE,TRUE,TRUE,TRUE,TRUE,INNATO M,31 x 31 x 31,1.7,TRUE,TRUE,FALSE,TRUE,275331533316,
1285,29-4-2024,355,INNATO C4,440,B,TRUE,TRUE,TRUE,10-05-2024,TRUE,TRUE,TRUE,TRUE,TRUE,TRUE,INNATO M,ophalen,,TRUE,TRUE,FALSE,TRUE,,
1286,29-4-2024,355,INNATO C4,432,B,TRUE,TRUE,TRUE,10-05-2024,TRUE,TRUE,TRUE,TRUE,TRUE,TRUE,INNATO M,31 x 31 x 31,,TRUE,TRUE,FALSE,TRUE,,
1287,30-4-2024,354,NATEY C4,440,TB,TRUE,TRUE,TRUE,10-05-2024,TRUE,TRUE,TRUE,TRUE,TRUE,TRUE,NATEY M,30 x 12 x 12,0.5,TRUE,TRUE,FALSE,TRUE,5112925381577,
1288,7-5-2024,347,INNATO C4,432,SB,TRUE,TRUE,TRUE,16-05-2024,TRUE,TRUE,TRUE,TRUE,TRUE,TRUE,INNATO M,40 x 40 x 40,6.8,TRUE,TRUE,FALSE,TRUE,,
1288,2-5-2024,352,INNATO C4,432,SB,TRUE,TRUE,TRUE,16-05-2024,TRUE,TRUE,TRUE,TRUE,TRUE,TRUE,INNATO M,samen,"""",TRUE,TRUE,FALSE,TRUE,,
1288,2-5-2024,352,INNATO C4,432,SB,TRUE,TRUE,TRUE,16-05-2024,TRUE,TRUE,TRUE,TRUE,TRUE,TRUE,INNATO M,samen,"""",TRUE,TRUE,FALSE,TRUE,,
1288,3-5-2024,351,INNATO A3,432,SB,TRUE,TRUE,TRUE,29-05-2024,TRUE,TRUE,TRUE,TRUE,TRUE,TRUE,INNATO XL,samen,"""",TRUE,TRUE,FALSE,TRUE,,
1288,4-5-2024,350,INNATO A3,432,SB,TRUE,TRUE,TRUE,04-06-2024,TRUE,TRUE,TRUE,TRUE,TRUE,TRUE,INNATO XL,samen,"""",TRUE,TRUE,FALSE,TRUE,,
1289,2-5-2024,352,INNATO Bb3,440,SB,TRUE,TRUE,TRUE,27-05-2024,TRUE,TRUE,TRUE,TRUE,TRUE,TRUE,INNATO L,31 x 31 x 31,1.9,TRUE,TRUE,FALSE,TRUE,,ander factuuradres
1290,4-5-2024,350,INNATO Bb3,440,C,TRUE,TRUE,TRUE,24-05-2024,TRUE,TRUE,TRUE,TRUE,TRUE,TRUE,INNATO L,31 x 31 x 31,2.0,TRUE,TRUE,FALSE,TRUE,,
1291,4-5-2024,350,INNATO F#3,440,SB,TRUE,TRUE,TRUE,25-05-2024,TRUE,TRUE,TRUE,TRUE,TRUE,TRUE,INNATO XXL,35 x 35 x 35,2.4,TRUE,TRUE,FALSE,TRUE,,
1292,4-5-2024,350,NATEY A4,440,T,TRUE,TRUE,TRUE,30-05-2024,TRUE,TRUE,TRUE,TRUE,TRUE,TRUE,NATEY S,17 x 12 x 13,0.3,TRUE,FALSE,FALSE,TRUE,,17 x 12 x 13
1293,6-5-2024,348,INNATO F3,432,B,TRUE,TRUE,TRUE,10-06-2024,TRUE,TRUE,TRUE,TRUE,TRUE,TRUE,INNATO XXL,35 x 35 x 35,2.4,TRUE,TRUE,FALSE,TRUE,,Op vakantie van 15-6 tot 1-7
1294,7-5-2024,347,INNATO E4,440,B,TRUE,TRUE,TRUE,17-06-2024,TRUE,TRUE,TRUE,TRUE,TRUE,TRUE,INNATO S,31 x 31 x 31,1.5,TRUE,FALSE,FALSE,TRUE,,
1295,9-5-2024,345,INNATO C4,432,B,TRUE,TRUE,TRUE,10-06-2024,TRUE,TRUE,TRUE,TRUE,TRUE,TRUE,INNATO M,31 x 31 x 31,1.7,TRUE,FALSE,FALSE,TRUE,,
1296,9-5-2024,345,INNATO C4,432,SB,TRUE,TRUE,TRUE,20-06-2024,TRUE,TRUE,TRUE,TRUE,TRUE,TRUE,INNATO M,31 x 31 x 31,1.7,TRUE,FALSE,FALSE,TRUE,,
1297,9-5-2024,345,DOUBLE B3,432,SB,TRUE,TRUE,TRUE,20-06-2024,TRUE,TRUE,TRUE,TRUE,TRUE,TRUE,DOUBLE M,31 x 31 x 31,1.2,TRUE,FALSE,FALSE,TRUE,,Add a CD
1298,12-5-2024,342,INNATO G#3,432,C,TRUE,TRUE,TRUE,18-06-2024,TRUE,TRUE,TRUE,TRUE,TRUE,TRUE,INNATO XL,35 x 35 x 35,2.0,TRUE,TRUE,FALSE,TRUE,,
1299,13-5-2024,341,INNATO C4,440,B,TRUE,TRUE,TRUE,06-06-2024,TRUE,TRUE,TRUE,TRUE,TRUE,TRUE,INNATO M,ophalen,1.6,TRUE,TRUE,FALSE,TRUE,,
1300,16-5-2024,338,NATEY D4,432,C,TRUE,TRUE,TRUE,19-06-2024,TRUE,TRUE,TRUE,TRUE,TRUE,TRUE,NATEY M,20 x 16 x 14,0.5,TRUE,TRUE,FALSE,TRUE,277759068140,
1301,16-5-2024,338,NATEY C4,440,T,TRUE,TRUE,TRUE,19-06-2024,TRUE,TRUE,TRUE,TRUE,TRUE,TRUE,NATEY M,30 x 12 x 12,0.5,TRUE,TRUE,FALSE,TRUE,,
1302,19-5-2024,335,INNATO C4,432,SB,TRUE,TRUE,TRUE,17-06-2024,TRUE,TRUE,TRUE,TRUE,TRUE,TRUE,INNATO M,31 x 31 x 31,1.6,TRUE,TRUE,FALSE,TRUE,,
1303,20-5-2024,334,INNATO C4,440,T,TRUE,TRUE,TRUE,17-06-2024,TRUE,TRUE,TRUE,TRUE,TRUE,TRUE,INNATO M,31 x 31 x 31,1.6,TRUE,TRUE,FALSE,TRUE,,
1304,20-5-2024,334,INNATO D4,440,C,TRUE,TRUE,TRUE,17-06-2024,TRUE,TRUE,TRUE,TRUE,TRUE,TRUE,INNATO S,31 x 31 x 31,1.4,TRUE,TRUE,FALSE,TRUE,,
1305,21-5-2024,333,NATEY A3,440,SB,TRUE,TRUE,TRUE,22-06-2024,TRUE,TRUE,TRUE,TRUE,TRUE,TRUE,NATEY L,30 x 12 x 12,0.6,TRUE,TRUE,FALSE,TRUE,,
1306,22-5-2024,332,INNATO C#4,440,T,TRUE,TRUE,TRUE,19-04-2025,FALSE,TRUE,TRUE,TRUE,TRUE,TRUE,INNATO M,31 x 31 x 31,1.7,TRUE,TRUE,FALSE,TRUE,277759069890,
1307,23-5-2024,331,INNATO Bb3,440,C,TRUE,TRUE,TRUE,19-04-2025,FALSE,TRUE,TRUE,TRUE,TRUE,TRUE,INNATO L,31 x 31 x 31,2.0,TRUE,TRUE,FALSE,TRUE,,
1308,23-5-2024,331,INNATO C4,432,SB,TRUE,TRUE,TRUE,19-04-2025,FALSE,TRUE,TRUE,TRUE,TRUE,TRUE,INNATO M,31 x 31 x 31,1.6,FALSE,FALSE,FALSE,TRUE,,
1309,23-5-2024,331,NATEY C4,432,TB,TRUE,TRUE,TRUE,19-04-2025,FALSE,TRUE,TRUE,TRUE,TRUE,TRUE,NATEY M,20 x 16 x 14,.5,TRUE,TRUE,FALSE,TRUE,277529482331,
1310,23-5-2024,331,DOUBLE G#3,432,SB,TRUE,TRUE,TRUE,19-04-2025,FALSE,TRUE,TRUE,TRUE,TRUE,TRUE,DOUBLE L,35 x 35 x 35,,TRUE,TRUE,FALSE,TRUE,,
1310,23-5-2024,331,INNATO G3,440,C,TRUE,TRUE,TRUE,19-04-2025,FALSE,TRUE,TRUE,TRUE,TRUE,TRUE,INNATO XL,samen,,TRUE,TRUE,FALSE,TRUE,,
1310,23-5-2024,331,NATEY D4,432,TB,TRUE,TRUE,TRUE,19-04-2025,FALSE,TRUE,TRUE,TRUE,TRUE,TRUE,NATEY M,samen,3.3,TRUE,TRUE,FALSE,TRUE,,
1311,23-5-2024,331,ZEN L,440,T,TRUE,TRUE,TRUE,19-04-2025,FALSE,TRUE,TRUE,TRUE,TRUE,TRUE,ZEN L,20 x 16 x 14,.6,TRUE,TRUE,FALSE,TRUE,277529481004,
1312,24-5-2024,330,NATEY C4,440,B,TRUE,TRUE,TRUE,19-04-2025,FALSE,TRUE,TRUE,TRUE,TRUE,TRUE,NATEY M,20 x 16 x 14,.5,TRUE,TRUE,FALSE,TRUE,277529482147,
1313,24-5-2024,330,NATEY D4,432,C,TRUE,TRUE,TRUE,19-04-2025,FALSE,TRUE,TRUE,TRUE,TRUE,TRUE,NATEY M,20 x 16 x 14,.5,TRUE,TRUE,FALSE,TRUE,5112925382468,
1315,27-5-2024,327,INNATO A3,432,SB,TRUE,TRUE,TRUE,19-04-2025,FALSE,TRUE,TRUE,TRUE,TRUE,TRUE,INNATO XL,31 x 31 x 31,1.8,TRUE,TRUE,FALSE,TRUE,,
1316,27-5-2024,327,INNATO C4,440,B,TRUE,TRUE,TRUE,19-04-2025,FALSE,TRUE,TRUE,TRUE,TRUE,TRUE,INNATO M,31 x 31 x 31,1.7,TRUE,TRUE,FALSE,TRUE,,
1317,28-5-2024,326,INNATO A3,440,C,TRUE,TRUE,TRUE,19-04-2025,FALSE,TRUE,TRUE,TRUE,TRUE,TRUE,INNATO XL,31 x 31 x 31,2.0,TRUE,TRUE,FALSE,TRUE,,
1318,28-5-2024,326,INNATO C4,440,TB,TRUE,TRUE,TRUE,19-04-2025,FALSE,TRUE,TRUE,TRUE,TRUE,TRUE,INNATO M,31 x 31 x 31,1.7,TRUE,TRUE,FALSE,TRUE,,
1319,28-5-2024,326,INNATO A3,440,C,TRUE,TRUE,TRUE,19-04-2025,FALSE,TRUE,TRUE,TRUE,TRUE,TRUE,INNATO XL,31 x 31 x 31,2.0,TRUE,TRUE,FALSE,TRUE,277759068449,
1320,31-5-2024,323,INNATO C4,432,B,TRUE,TRUE,TRUE,19-04-2025,FALSE,TRUE,TRUE,TRUE,TRUE,TRUE,INNATO M,31 x 31 x 31,1.6,TRUE,TRUE,FALSE,TRUE,,
1321,31-5-2024,323,INNATO F#3,432,C,TRUE,TRUE,TRUE,19-04-2025,FALSE,TRUE,TRUE,TRUE,TRUE,TRUE,INNATO XXL,35 x 35 x 35,2.4,TRUE,TRUE,FALSE,TRUE,,F#major!
1322,2-6-2024,321,INNATO C4,432,B,TRUE,TRUE,TRUE,19-04-2025,FALSE,TRUE,TRUE,TRUE,TRUE,TRUE,INNATO M,31 x 31 x 31,1.7,TRUE,TRUE,FALSE,TRUE,5112925382547,
1323,2-6-2024,321,INNATO E4,440,B,TRUE,TRUE,TRUE,19-04-2025,FALSE,TRUE,TRUE,TRUE,TRUE,TRUE,INNATO S,31 x 31 x 31,1.4,TRUE,TRUE,FALSE,TRUE,277759066950,
1324,5-6-2024,318,INNATO D4,440,B,TRUE,TRUE,TRUE,19-04-2025,FALSE,TRUE,TRUE,TRUE,TRUE,TRUE,INNATO S,31 x 31 x 31,1.5,TRUE,TRUE,FALSE,TRUE,277759066104,
1325,6-6-2024,317,INNATO A3,440,B,TRUE,TRUE,TRUE,19-04-2025,FALSE,TRUE,TRUE,TRUE,TRUE,TRUE,INNATO XL,31 x 31 x 31,1.8,TRUE,TRUE,FALSE,TRUE,,
1326,7-6-2024,316,INNATO Bb3,440,SB,TRUE,TRUE,TRUE,19-04-2025,FALSE,TRUE,TRUE,TRUE,TRUE,TRUE,INNATO L,31 x 31 x 31,1.8,TRUE,TRUE,FALSE,TRUE,,
1327,7-6-2024,316,ZEN M,440,,TRUE,TRUE,TRUE,19-04-2025,FALSE,TRUE,TRUE,TRUE,TRUE,TRUE,ZEN M,20 x 16 x 14,.5,TRUE,FALSE,FALSE,TRUE,277529481460,
1328,10-6-2024,313,INNATO A3,432,B,TRUE,TRUE,TRUE,19-04-2025,FALSE,TRUE,TRUE,TRUE,TRUE,TRUE,INNATO XL,31 x 31 x 31,1.9,TRUE,TRUE,FALSE,TRUE,,
1329,11-6-2024,312,INNATO D4,432,B,TRUE,TRUE,TRUE,19-04-2025,FALSE,TRUE,TRUE,TRUE,TRUE,TRUE,INNATO S,31 x 31 x 31,1.6,TRUE,TRUE,FALSE,TRUE,5112925382549,Make asap because of travel 
1330,13-6-2024,310,INNATO C4,432,B,TRUE,TRUE,TRUE,19-04-2025,FALSE,TRUE,TRUE,TRUE,TRUE,TRUE,INNATO M,31 x 31 x 31,1.7,TRUE,TRUE,FALSE,TRUE,5112925382548,
1331,14-6-2024,309,INNATO Bb3,440,SB,TRUE,TRUE,TRUE,19-04-2025,FALSE,TRUE,TRUE,TRUE,TRUE,TRUE,INNATO XL,31 x 31 x 31,1.9,TRUE,TRUE,FALSE,TRUE,277759069055,
1332,15-6-2024,308,NATEY D4,432,C,TRUE,TRUE,TRUE,19-04-2025,FALSE,TRUE,TRUE,TRUE,TRUE,TRUE,NATEY M,17 x 12 x 13,0.5,TRUE,TRUE,FALSE,TRUE,,
1333,15-6-2024,308,NATEY A3,440,C,TRUE,TRUE,TRUE,19-04-2025,FALSE,TRUE,TRUE,TRUE,TRUE,TRUE,NATEY L,30 x 12 x 12,0.6,TRUE,TRUE,FALSE,TRUE,277759066090,
1334,16-6-2024,307,INNATO D#4,432,B,TRUE,TRUE,TRUE,19-04-2025,FALSE,TRUE,TRUE,TRUE,TRUE,TRUE,INNATO S,31 x 31 x 31,1.5,TRUE,TRUE,FALSE,TRUE,,
1335,16-6-2024,307,INNATO C4,440,SB,TRUE,TRUE,TRUE,19-04-2025,FALSE,TRUE,TRUE,FALSE,TRUE,FALSE,INNATO M,31 x 31 x 31,1.7,TRUE,TRUE,FALSE,TRUE,,
1336,17-6-2024,306,INNATO C4,432,B,TRUE,TRUE,TRUE,19-04-2025,FALSE,TRUE,TRUE,TRUE,TRUE,TRUE,INNATO M,31 x 31 x 31,1.7,TRUE,TRUE,FALSE,TRUE,277759070195,
1340,24-6-2024,299,INNATO B3,432,B,TRUE,TRUE,TRUE,19-04-2025,FALSE,TRUE,TRUE,TRUE,TRUE,TRUE,INNATO L,31 x 31 x 31,1.7,TRUE,TRUE,FALSE,TRUE,,
1341,24-6-2024,299,INNATO F#3,440,B,TRUE,TRUE,TRUE,19-04-2025,FALSE,TRUE,TRUE,TRUE,TRUE,TRUE,INNATO XXL,35 x 35 x 35,2.6,TRUE,TRUE,FALSE,TRUE,,
1342,25-6-2024,298,INNATO A3,440,T,TRUE,TRUE,TRUE,19-04-2025,FALSE,TRUE,TRUE,TRUE,TRUE,TRUE,INNATO XL,31 x 31 x 31,2.0,TRUE,TRUE,FALSE,TRUE,,Exhange with right color red no bubble
1343,26-6-2024,297,INNATO A3,432,B,TRUE,TRUE,TRUE,19-04-2025,FALSE,TRUE,TRUE,TRUE,TRUE,TRUE,INNATO XL,ophalen,,FALSE,FALSE,FALSE,TRUE,,voor jan van der stappen snel maken
1344,26-6-2024,297,INNATO C4,440,B,TRUE,TRUE,TRUE,19-04-2025,FALSE,TRUE,TRUE,TRUE,TRUE,TRUE,INNATO M,31 x 31 x 31,1.7,TRUE,TRUE,FALSE,TRUE,exchange for B,
1345,28-6-2024,295,INNATO A3,432,C,TRUE,TRUE,TRUE,19-04-2025,FALSE,TRUE,TRUE,TRUE,TRUE,TRUE,INNATO XL,31 x 31 x 31,,TRUE,TRUE,FALSE,TRUE,,
1345,29-6-2024,294,ZEN M,440,T,TRUE,TRUE,TRUE,19-04-2025,FALSE,TRUE,TRUE,TRUE,TRUE,TRUE,ZEN M,samen,,TRUE,TRUE,FALSE,TRUE,,
1346,29-6-2024,294,INNATO C4,440,B,TRUE,TRUE,TRUE,19-04-2025,FALSE,TRUE,TRUE,TRUE,TRUE,TRUE,INNATO M,31 x 31 x 31,1.6,TRUE,TRUE,FALSE,TRUE,,
1347,30-6-2024,293,NATEY A4,432,SB,TRUE,TRUE,TRUE,19-04-2025,FALSE,TRUE,TRUE,TRUE,TRUE,TRUE,NATEY S,,0.2,TRUE,TRUE,FALSE,TRUE,,
1348,2-7-2024,291,INNATO A3,432,SB,TRUE,TRUE,TRUE,19-04-2025,FALSE,TRUE,TRUE,TRUE,TRUE,TRUE,INNATO XL,35 x 35 x 35,,TRUE,TRUE,FALSE,TRUE,,
1349,2-7-2024,291,NATEY D4,440,TB,TRUE,TRUE,TRUE,19-04-2025,FALSE,TRUE,TRUE,TRUE,TRUE,TRUE,NATEY M,20 x 16 x 14,0.4,TRUE,TRUE,FALSE,TRUE,,
1351,6-7-2024,287,INNATO C#4,440,B,TRUE,TRUE,TRUE,19-04-2025,FALSE,TRUE,TRUE,TRUE,TRUE,TRUE,INNATO M,31 x 31 x 31,1.7,TRUE,TRUE,FALSE,TRUE,,
1352,7-7-2024,286,INNATO F3,432,C,TRUE,TRUE,TRUE,19-04-2025,FALSE,TRUE,TRUE,TRUE,TRUE,TRUE,INNATO XXL,35 x 35 x 35,2.4,TRUE,TRUE,FALSE,TRUE,,
1354,13-7-2024,280,INNATO C4,440,SB,TRUE,TRUE,TRUE,19-04-2025,FALSE,TRUE,TRUE,TRUE,TRUE,TRUE,INNATO M,31 x 31 x 31,1.7,TRUE,TRUE,FALSE,TRUE,,
1355,14-7-2024,279,DOUBLE Bb3,432,SB,TRUE,TRUE,TRUE,19-04-2025,FALSE,TRUE,TRUE,TRUE,TRUE,TRUE,DOUBLE M,20 x 16 x 14,0.8,TRUE,TRUE,FALSE,TRUE,,
1356,15-7-2024,278,INNATO B3,432,B,TRUE,TRUE,TRUE,19-04-2025,FALSE,TRUE,TRUE,TRUE,TRUE,TRUE,INNATO M,31 x 31 x 31,1.8,TRUE,TRUE,FALSE,TRUE,,
1357,16-7-2024,277,DOUBLE B3,432,SB,TRUE,TRUE,TRUE,19-04-2025,FALSE,TRUE,TRUE,TRUE,TRUE,TRUE,DOUBLE M,20 x 16 x 14,0.8,TRUE,TRUE,FALSE,TRUE,,
1358,17-7-2024,276,INNATO A3,432,B,TRUE,TRUE,TRUE,19-04-2025,FALSE,TRUE,TRUE,TRUE,TRUE,TRUE,INNATO L,35 x 35 x 35,2.0,TRUE,TRUE,FALSE,TRUE,,
1359,17-7-2024,276,INNATO C4,432,SB,TRUE,TRUE,TRUE,19-04-2025,FALSE,TRUE,TRUE,TRUE,TRUE,TRUE,INNATO M,31 x 31 x 31,1.7,TRUE,TRUE,FALSE,TRUE,,
1360,17-7-2024,276,INNATO A3,432,SB,TRUE,TRUE,TRUE,19-04-2025,FALSE,TRUE,TRUE,TRUE,TRUE,TRUE,INNATO L,35 x 35 x 35,2.0,TRUE,TRUE,FALSE,TRUE,,
1361,18-7-2024,275,NATEY A3,440,TB,TRUE,TRUE,TRUE,19-04-2025,FALSE,TRUE,TRUE,TRUE,TRUE,TRUE,----,30 x 12 x 12,0.6,TRUE,TRUE,FALSE,TRUE,277759269083,
1362,18-7-2024,275,NATEY D4,440,SB,TRUE,TRUE,TRUE,19-04-2025,FALSE,TRUE,TRUE,TRUE,TRUE,TRUE,NATEY M,30 x 12 x 12,0.4,TRUE,TRUE,FALSE,TRUE,,
1363,29-7-2024,264,INNATO C#4,432,C,TRUE,TRUE,TRUE,19-04-2025,FALSE,TRUE,TRUE,TRUE,TRUE,TRUE,INNATO M,31 x 31 x 31,1.6,TRUE,TRUE,FALSE,TRUE,,
1365,31-7-2024,262,NATEY C4,432,C,TRUE,TRUE,TRUE,19-04-2025,FALSE,TRUE,TRUE,TRUE,TRUE,TRUE,NATEY L,17 x 12 x 13,0.5,TRUE,TRUE,FALSE,TRUE,,
1366,1-8-2024,261,INNATO F3,440,TB,TRUE,TRUE,TRUE,19-04-2025,FALSE,TRUE,TRUE,TRUE,TRUE,TRUE,,35 x 35 x 35,2.6,TRUE,TRUE,FALSE,TRUE,,
1367,2-8-2024,260,ZEN L,,,TRUE,TRUE,TRUE,19-04-2025,FALSE,TRUE,TRUE,TRUE,TRUE,TRUE,ZEN L,20 x 16 x 14,0.6,TRUE,TRUE,FALSE,TRUE,,
1368,6-8-2024,256,INNATO A3,432,B,TRUE,TRUE,TRUE,19-04-2025,FALSE,TRUE,TRUE,TRUE,TRUE,TRUE,INNATO L,35 x 35 x 35,2.0,TRUE,TRUE,FALSE,TRUE,,
1369,8-8-2024,254,INNATO A3,440,C,TRUE,TRUE,TRUE,19-04-2025,FALSE,TRUE,TRUE,TRUE,TRUE,TRUE,INNATO XL,31 x 31 x 31,1.9,TRUE,TRUE,FALSE,TRUE,,
1370,9-8-2024,253,INNATO F#3,440,TB,TRUE,TRUE,TRUE,19-04-2025,FALSE,TRUE,TRUE,TRUE,TRUE,TRUE,INNATO XXL,35 x 35 x 35,2.3,TRUE,TRUE,FALSE,TRUE,,
1371,9-8-2024,253,NATEY A4,440,SB,TRUE,TRUE,TRUE,19-04-2025,FALSE,FALSE,TRUE,TRUE,TRUE,TRUE,NATEY S,17 x 12 x 13,0.2,TRUE,TRUE,FALSE,TRUE,,
1372,10-8-2024,252,INNATO G3,440,B,TRUE,TRUE,TRUE,19-04-2025,FALSE,TRUE,TRUE,TRUE,TRUE,TRUE,INNATO XXL,35 x 35 x 35,2.2,TRUE,TRUE,FALSE,TRUE,,
1373,13-8-2024,249,INNATO A3,440,SB,TRUE,TRUE,TRUE,19-04-2025,FALSE,TRUE,TRUE,TRUE,TRUE,TRUE,INNATO XL,35 x 35 x 35,2.0,TRUE,TRUE,FALSE,TRUE,,
1374,14-8-2024,248,INNATO A3,432,TB,TRUE,TRUE,TRUE,19-04-2025,FALSE,TRUE,TRUE,TRUE,TRUE,TRUE,INNATO XL,31 x 31 x 31,2.0,TRUE,TRUE,FALSE,TRUE,,
1375,14-8-2024,248,INNATO D4,440,C,TRUE,TRUE,TRUE,19-04-2025,FALSE,TRUE,TRUE,TRUE,TRUE,TRUE,INNATO M,31 x 31 x 31,1.5,TRUE,TRUE,FALSE,TRUE,,
1376,14-8-2024,248,INNATO A3,432,B,TRUE,TRUE,TRUE,19-04-2025,FALSE,TRUE,TRUE,TRUE,TRUE,TRUE,,samen,,TRUE,TRUE,FALSE,TRUE,,
1376,14-8-2024,248,INNATO A3,432,B,TRUE,TRUE,TRUE,19-04-2025,FALSE,TRUE,TRUE,TRUE,TRUE,TRUE,,samen,,TRUE,TRUE,FALSE,TRUE,,
1376,14-8-2024,248,INNATO A3,432,B,TRUE,TRUE,TRUE,19-04-2025,FALSE,TRUE,TRUE,TRUE,TRUE,TRUE,,samen,,TRUE,TRUE,FALSE,TRUE,,
1376,14-8-2024,248,INNATO C4,432,B,TRUE,TRUE,TRUE,19-04-2025,FALSE,TRUE,TRUE,TRUE,TRUE,TRUE,,samen,,TRUE,TRUE,FALSE,TRUE,,
1376,14-8-2024,248,INNATO C4,432,B,TRUE,TRUE,TRUE,19-04-2025,FALSE,TRUE,TRUE,TRUE,TRUE,TRUE,,samen,,TRUE,TRUE,FALSE,TRUE,,
1376,14-8-2024,248,INNATO C4,432,B,TRUE,TRUE,TRUE,19-04-2025,FALSE,TRUE,TRUE,TRUE,TRUE,TRUE,,50x50x50,8.7,TRUE,TRUE,FALSE,TRUE,,
1377,17-8-2024,245,NATEY A4,432,C,TRUE,TRUE,TRUE,19-04-2025,FALSE,TRUE,TRUE,TRUE,TRUE,TRUE,NATEY S,17 x 12 x 13,0.2,TRUE,TRUE,FALSE,TRUE,,
1379,20-08-2024,242,INNATO C#4,432,B,TRUE,TRUE,TRUE,30-09-2024,TRUE,TRUE,TRUE,TRUE,TRUE,TRUE,,31 x 31 x 31,1.7,TRUE,TRUE,FALSE,TRUE,,
1380,21-8-2024,241,INNATO E4,440,T,TRUE,TRUE,TRUE,19-04-2025,FALSE,TRUE,TRUE,TRUE,TRUE,TRUE,,31 x 31 x 31,1.5,TRUE,TRUE,FALSE,TRUE,,
1381,22-8-2024,240,INNATO Bb3,440,SB,TRUE,TRUE,TRUE,19-04-2025,FALSE,TRUE,TRUE,TRUE,TRUE,TRUE,,31 x 31 x 31,1..9,TRUE,TRUE,FALSE,TRUE,,
1382,24-8-2024,238,DOUBLE C4,440,C,TRUE,TRUE,TRUE,19-04-2025,FALSE,TRUE,TRUE,TRUE,TRUE,TRUE,,20 x 20 x 20,.5,TRUE,TRUE,FALSE,TRUE,,
1383,25-8-2024,237,INNATO Bb3,440,C,TRUE,TRUE,TRUE,19-04-2025,FALSE,TRUE,TRUE,TRUE,TRUE,TRUE,,31 x 31 x 31,1.6,TRUE,TRUE,FALSE,TRUE,,
1384,25-8-2024,237,NATEY G#4,432,C,TRUE,TRUE,TRUE,19-04-2025,FALSE,TRUE,TRUE,TRUE,TRUE,TRUE,,17 x 12 x 13,.3,TRUE,TRUE,FALSE,TRUE,,
1385,27-8-2024,235,NATEY G3,440,TB,TRUE,TRUE,TRUE,19-04-2025,FALSE,TRUE,TRUE,TRUE,TRUE,TRUE,,30 x 12 x 12,0.5,TRUE,TRUE,FALSE,TRUE,,
1386,27-8-2024,235,NATEY D4,440,C,TRUE,TRUE,TRUE,19-04-2025,FALSE,TRUE,TRUE,TRUE,TRUE,TRUE,INNATO M,17 x 12 x 13,0.4,TRUE,TRUE,FALSE,TRUE,,
1387,27-8-2024,235,INNATO D4,440,TB,TRUE,TRUE,TRUE,19-04-2025,FALSE,TRUE,TRUE,TRUE,TRUE,TRUE,,31 x 31 x 31,1.8,TRUE,TRUE,FALSE,TRUE,voor alan,
1387,27-8-2024,235,NATEY D4,440,TB,TRUE,TRUE,TRUE,19-04-2025,FALSE,TRUE,TRUE,TRUE,TRUE,TRUE,,samen,,TRUE,TRUE,FALSE,TRUE,,
1388,31-8-2024,231,ZEN M,440,T,TRUE,TRUE,TRUE,19-04-2025,FALSE,TRUE,TRUE,TRUE,TRUE,TRUE,,17 x 12 x 13,0.4,TRUE,TRUE,FALSE,TRUE,,
1389,2-9-2024,229,INNATO C4,440,SB,TRUE,TRUE,TRUE,19-04-2025,FALSE,TRUE,TRUE,TRUE,TRUE,TRUE,,31 x 31 x 31,1.5,TRUE,TRUE,FALSE,TRUE,,
1390,4-9-2024,227,NATEY F4,440,TB,TRUE,TRUE,TRUE,19-04-2025,FALSE,TRUE,TRUE,TRUE,TRUE,TRUE,,30 x 12 x 12,.4,TRUE,TRUE,FALSE,TRUE,,
1391,4-9-2024,227,INNATO E4,440,SB,TRUE,TRUE,TRUE,19-04-2025,FALSE,TRUE,TRUE,TRUE,TRUE,TRUE,,,,FALSE,FALSE,FALSE,TRUE,maarten,
1364,31-7-2024,262,INNATO Bb3,432,SB,TRUE,TRUE,TRUE,19-04-2025,FALSE,TRUE,TRUE,TRUE,TRUE,TRUE,,31 x 31 x 31,1.9,TRUE,TRUE,FALSE,TRUE,,
1392,5-9-2024,226,INNATO A3,432,SB,TRUE,TRUE,TRUE,19-04-2025,FALSE,TRUE,TRUE,TRUE,TRUE,TRUE,,31 x 31 x 31,2.2Ôøº,TRUE,TRUE,FALSE,TRUE,samen,
1392,05-09-2024,226,NATEY G3,432,B,TRUE,TRUE,TRUE,19-04-2025,FALSE,TRUE,TRUE,TRUE,TRUE,TRUE,,samen,,TRUE,TRUE,FALSE,TRUE,samen,
1393,5-9-2024,226,NATEY G4,440,TB,TRUE,TRUE,TRUE,19-04-2025,FALSE,TRUE,TRUE,TRUE,TRUE,TRUE,,17 x 12 x 13,.4,TRUE,TRUE,FALSE,TRUE,ophalen,
1409,26-9-2024,205,NATEY C4,440,TB,TRUE,TRUE,TRUE,19-04-2025,FALSE,TRUE,TRUE,TRUE,TRUE,TRUE,,30 x 12 x 12,.5,TRUE,TRUE,FALSE,TRUE,dringend!,
1414,28-9-2024,203,INNATO Bb3,432,B,TRUE,TRUE,TRUE,19-04-2025,FALSE,TRUE,TRUE,TRUE,TRUE,TRUE,,31 x 31 x 31,2.0,TRUE,TRUE,FALSE,TRUE,,
1394,6-9-2024,225,INNATO G3,432,SB,TRUE,TRUE,TRUE,19-04-2025,FALSE,TRUE,TRUE,TRUE,TRUE,TRUE,,35 x 35 x 35,2.3,TRUE,TRUE,FALSE,TRUE,,
1407,24-9-2024,207,NATEY C4,440,TB,TRUE,TRUE,TRUE,19-04-2025,FALSE,TRUE,TRUE,TRUE,TRUE,TRUE,,30 x 12 x 12,0.5,TRUE,TRUE,FALSE,TRUE,,
1395,8-9-2024,223,NATEY C4,432,C,TRUE,TRUE,TRUE,19-04-2025,FALSE,TRUE,TRUE,TRUE,TRUE,TRUE,,30 x 12 x 12,0.5,TRUE,TRUE,FALSE,TRUE,,
1396,8-9-2024,223,DOUBLE B3,440,TB,TRUE,TRUE,TRUE,19-04-2025,FALSE,TRUE,TRUE,TRUE,TRUE,TRUE,,20 x 16 x 14,0.8,TRUE,TRUE,FALSE,TRUE,,
1397,11-9-2024,220,INNATO G3,440,C,TRUE,TRUE,TRUE,19-04-2025,FALSE,TRUE,TRUE,TRUE,TRUE,TRUE,,,,TRUE,TRUE,TRUE,TRUE,283021255789,
1398,12-9-2024,219,ZEN M,440,T,TRUE,TRUE,TRUE,19-04-2025,FALSE,TRUE,TRUE,TRUE,TRUE,TRUE,,20 x 16 x 14,0.4,TRUE,TRUE,FALSE,TRUE,,
1399,13-9-2024,218,NATEY C4,432,SB,TRUE,TRUE,TRUE,19-04-2025,FALSE,TRUE,TRUE,TRUE,TRUE,TRUE,,30 x 12 x 12,.5,TRUE,TRUE,FALSE,TRUE,,
1400,13-9-2024,218,INNATO Bb3,432,SB,TRUE,TRUE,TRUE,19-04-2025,FALSE,TRUE,TRUE,TRUE,TRUE,TRUE,,31 x 31 x 31,2,TRUE,TRUE,FALSE,TRUE,,
1401,15-9-2024,216,INNATO D4,440,B,TRUE,TRUE,TRUE,19-04-2025,FALSE,TRUE,TRUE,TRUE,TRUE,TRUE,,31 x 31 x 31,1.4,TRUE,TRUE,FALSE,TRUE,,
1402,15-9-2024,216,NATEY A4,440,C,TRUE,TRUE,TRUE,19-04-2025,FALSE,TRUE,TRUE,TRUE,TRUE,TRUE,,17 x 12 x 13,0.2,TRUE,TRUE,FALSE,TRUE,,
1403,16-9-2024,215,INNATO A3,432,B,TRUE,TRUE,TRUE,19-04-2025,FALSE,TRUE,TRUE,TRUE,TRUE,TRUE,,31 x 31 x 31,1.8,TRUE,TRUE,FALSE,TRUE,,
1404,17-9-2024,214,INNATO B3,432,B,TRUE,TRUE,TRUE,19-04-2025,FALSE,TRUE,TRUE,TRUE,TRUE,TRUE,,31 x 31 x 31,1.8,TRUE,TRUE,FALSE,TRUE,,
1405,21-9-2024,210,INNATO E4,440,TB,TRUE,TRUE,TRUE,19-04-2025,FALSE,TRUE,TRUE,TRUE,TRUE,TRUE,,31 x 31 x 31,1.4,TRUE,TRUE,FALSE,TRUE,,
1406,23-9-2024,208,INNATO E4,432,B,TRUE,TRUE,TRUE,19-04-2025,FALSE,TRUE,TRUE,TRUE,TRUE,TRUE,,31 x 31 x 31,1.3,TRUE,TRUE,FALSE,TRUE,,
1408,26-9-2024,205,INNATO C4,432,TB,TRUE,TRUE,TRUE,19-04-2025,FALSE,TRUE,TRUE,TRUE,TRUE,TRUE,,31 x 31 x 31,1.7,TRUE,TRUE,FALSE,TRUE,,
1410,26-9-2024,205,INNATO C#4,440,C,TRUE,TRUE,TRUE,19-04-2025,FALSE,TRUE,TRUE,TRUE,TRUE,TRUE,,samen,,TRUE,TRUE,FALSE,TRUE,wordt opgehaald,
1410,26-9-2024,205,DOUBLE C#4,440,SB,TRUE,TRUE,TRUE,19-04-2025,FALSE,TRUE,TRUE,TRUE,TRUE,TRUE,,31 x 31 x 31,2.3,TRUE,TRUE,FALSE,TRUE,wordt opgehaald,
1411,27-9-2024,204,INNATO A3,440,C,TRUE,TRUE,TRUE,19-04-2025,FALSE,TRUE,TRUE,TRUE,TRUE,TRUE,,,,TRUE,TRUE,FALSE,TRUE,mee naar india,
1412,27-9-2024,204,INNATO A3,440,B,TRUE,TRUE,TRUE,19-04-2025,FALSE,TRUE,TRUE,TRUE,TRUE,TRUE,,31 x 31 x 31,1.8,TRUE,TRUE,FALSE,TRUE,new adress,
1413,27-9-24,204,ZEN M,440,T,TRUE,TRUE,TRUE,19-04-2025,FALSE,TRUE,TRUE,TRUE,TRUE,TRUE,,17 x 12 x 13,.5,TRUE,TRUE,FALSE,TRUE,,
1415,28-9-2024,203,INNATO Bb3,432,C,TRUE,TRUE,TRUE,19-04-2025,FALSE,TRUE,TRUE,TRUE,TRUE,TRUE,,,,TRUE,TRUE,FALSE,TRUE,Samen met 1425,
1416,2-10-2024,199,NATEY A4,440,TB,TRUE,TRUE,TRUE,19-04-2025,FALSE,TRUE,TRUE,TRUE,TRUE,TRUE,,31 x 31 x 31,2,TRUE,TRUE,FALSE,TRUE,samen,
1416,2-10-2024,199,DOUBLE C4,440,B,TRUE,TRUE,TRUE,19-04-2025,FALSE,TRUE,TRUE,TRUE,TRUE,TRUE,,samen,,TRUE,TRUE,FALSE,TRUE,melodic,
1416,2-10-2024,199,DOUBLE G3,440,B,TRUE,TRUE,TRUE,19-04-2025,FALSE,TRUE,TRUE,TRUE,TRUE,TRUE,,samen,,TRUE,TRUE,FALSE,TRUE,melodic,
1274,spoed,,INNATO A3,440,T,TRUE,TRUE,TRUE,10-11-2024,FALSE,TRUE,TRUE,TRUE,TRUE,TRUE,,,staat klaar in atelier,FALSE,FALSE,TRUE,TRUE,,
1417,2-10-2024,199,NATEY A4,440,C,TRUE,TRUE,TRUE,19-04-2025,FALSE,TRUE,TRUE,TRUE,TRUE,TRUE,,17 x 12 x 13,.3,TRUE,TRUE,FALSE,TRUE,,
1418,2-10-2024,199,ZEN M,440,T,TRUE,TRUE,TRUE,19-04-2025,FALSE,TRUE,TRUE,TRUE,TRUE,TRUE,,17 x 12 x 13,,WAAR1,TRUE,FALSE,TRUE,,
1420,3-10-2024,198,NATEY A4,440,TB,TRUE,TRUE,TRUE,19-04-2025,FALSE,TRUE,TRUE,TRUE,TRUE,TRUE,INNATO M,30 x 12 x 12,.5,TRUE,TRUE,FALSE,TRUE,,
,,,,,,,,,,,,,,,,,,,,,,,,
1422,8-10-2024,193,INNATO E4,432,B,TRUE,TRUE,TRUE,19-04-2025,FALSE,TRUE,TRUE,TRUE,TRUE,TRUE,,31 x 31 x 31,1.4,TRUE,TRUE,FALSE,TRUE,,
1423,9-10-2024,192,ZEN M,440,T,TRUE,TRUE,TRUE,19-04-2025,FALSE,TRUE,TRUE,TRUE,TRUE,TRUE,,17 x 12 x 13,.4,TRUE,TRUE,FALSE,TRUE,,
1424,11-10-2024,190,INNATO Bb3,440,SB,TRUE,TRUE,TRUE,19-04-2025,FALSE,TRUE,TRUE,TRUE,TRUE,TRUE,,31 x 31 x 31,1.9,TRUE,TRUE,FALSE,TRUE,,
1425,12-10-2024,189,INNATO E4,432,C,TRUE,TRUE,TRUE,19-04-2025,FALSE,TRUE,TRUE,TRUE,TRUE,TRUE,,35 x 35 x 35,2.8,TRUE,TRUE,FALSE,TRUE,Samen met 1415,
1426,13-10-2024,188,INNATO G3,432,C,TRUE,TRUE,TRUE,19-04-2025,FALSE,TRUE,TRUE,TRUE,TRUE,TRUE,INNATO XL,31 x 31 x 31,2.3,TRUE,TRUE,TRUE,TRUE,,
1427,13-10-2024,188,NATEY G#4,440,C,TRUE,TRUE,TRUE,19-04-2025,FALSE,TRUE,TRUE,TRUE,TRUE,TRUE,NATEY S,,0.5,TRUE,TRUE,TRUE,TRUE,,
1436,30-10-2024,171,NATEY F4,432,SB,TRUE,TRUE,TRUE,19-04-2025,FALSE,TRUE,TRUE,TRUE,TRUE,TRUE,NATEY S,15x15x15,0.5,TRUE,TRUE,TRUE,TRUE,,
1428,13-10-2024,188,NATEY F4,432,C,TRUE,TRUE,TRUE,19-04-2025,FALSE,TRUE,TRUE,TRUE,TRUE,TRUE,,17 x 12 x 13,.3,TRUE,TRUE,FALSE,TRUE,,
1429,13-10-2024,188,INNATO A3,440,C,TRUE,TRUE,TRUE,19-04-2025,FALSE,TRUE,TRUE,TRUE,TRUE,TRUE,,,2,TRUE,TRUE,TRUE,TRUE,,
1430,17-10-2024,184,INNATO C4,432,SB,TRUE,TRUE,TRUE,19-04-2025,FALSE,TRUE,TRUE,TRUE,TRUE,TRUE,,31 x 31 x 31,1.8,TRUE,TRUE,TRUE,TRUE,,
1431,18-10-2024,183,NATEY D4,440,TB,TRUE,TRUE,TRUE,19-04-2025,FALSE,TRUE,TRUE,TRUE,TRUE,TRUE,NATEY M,30 x 12 x 12,0.6,TRUE,TRUE,TRUE,TRUE,,
,18-10-2024,183,NATEY G#4,432,TB,TRUE,TRUE,TRUE,19-04-2025,FALSE,TRUE,TRUE,TRUE,TRUE,TRUE,,,,TRUE,TRUE,TRUE,TRUE,,
1432,20-10-2024,181,NATEY A4,440,TB,TRUE,TRUE,TRUE,19-04-2025,FALSE,TRUE,TRUE,TRUE,TRUE,TRUE,INNATO L,31 x 31 x 31,,TRUE,TRUE,FALSE,TRUE,,
,20-10-2024,181,INNATO C#4,440,C,TRUE,TRUE,TRUE,19-04-2025,FALSE,TRUE,TRUE,TRUE,TRUE,TRUE,,,2,TRUE,TRUE,FALSE,TRUE,,
1433,22-10-2024,179,NATEY G4,440,C,TRUE,TRUE,TRUE,19-04-2025,FALSE,TRUE,TRUE,TRUE,TRUE,TRUE,NATEY S,15x15x15,0.5,TRUE,TRUE,TRUE,TRUE,,
1434,27-10-2024,174,INNATO A3,440,SB,TRUE,TRUE,TRUE,19-04-2025,FALSE,TRUE,TRUE,TRUE,TRUE,TRUE,,,2.1,TRUE,TRUE,TRUE,TRUE,,
1435,28-10-2024,173,INNATO C4,440,SB,TRUE,TRUE,TRUE,19-04-2025,FALSE,TRUE,TRUE,TRUE,TRUE,TRUE,INNATO L,31 x 31 x 31,"1,8",TRUE,TRUE,FALSE,TRUE,,
1437,2-11-2024,168,INNATO A3,440,TB,TRUE,TRUE,TRUE,19-04-2025,FALSE,TRUE,TRUE,TRUE,TRUE,TRUE,INNATO XL,31 x 31 x 31,"2,2",TRUE,TRUE,FALSE,TRUE,,
1438,3-11-2024,167,INNATO B3,432,SB,TRUE,TRUE,TRUE,19-04-2025,FALSE,TRUE,TRUE,TRUE,TRUE,TRUE,INNATO L,31 x 31 x 31,2,TRUE,TRUE,TRUE,TRUE,,
1439,5-11-2024,165,INNATO A3,440,C,TRUE,TRUE,TRUE,19-04-2025,FALSE,TRUE,TRUE,TRUE,TRUE,TRUE,INNATO XL,35 x 35 x 35,3.3,TRUE,TRUE,TRUE,TRUE,,
,5-11-2024,165,NATEY D4,440,SB,TRUE,TRUE,TRUE,19-04-2025,FALSE,TRUE,TRUE,TRUE,TRUE,TRUE,NATEY M,,,TRUE,TRUE,TRUE,TRUE,,
,5-11-2024,165,DOUBLE Bb3,440,C,TRUE,TRUE,TRUE,19-04-2025,FALSE,TRUE,TRUE,TRUE,TRUE,TRUE,DOUBLE M,,,TRUE,TRUE,TRUE,TRUE,,
1440,6-11-2024,164,INNATO C4,432,B,TRUE,TRUE,TRUE,19-04-2025,FALSE,TRUE,TRUE,TRUE,TRUE,TRUE,INNATO M,31 x 31 x 31,1.8,TRUE,TRUE,TRUE,TRUE,,
1441,6-11-2024,164,INNATO Bb3,440,B,TRUE,TRUE,TRUE,19-04-2025,FALSE,TRUE,TRUE,TRUE,TRUE,TRUE,INNATO L,31 x 31 x 31,2.3,TRUE,TRUE,FALSE,TRUE,,
1443,8-11-2024,162,INNATO C4,440,B,TRUE,TRUE,TRUE,19-04-2025,FALSE,TRUE,TRUE,TRUE,TRUE,TRUE,INNATO M,31 x 31 x 31,1.8,TRUE,TRUE,FALSE,TRUE,,
1444,8-11-2024,162,INNATO A3,432,TB,TRUE,TRUE,TRUE,19-04-2025,FALSE,TRUE,TRUE,TRUE,TRUE,TRUE,INNATO L,31 x 31 x 31,2,TRUE,TRUE,FALSE,TRUE,,
1445,10-11-2024,160,NATEY Bb3,432,C,TRUE,TRUE,TRUE,19-04-2025,FALSE,FALSE,TRUE,TRUE,TRUE,FALSE,NATEY M,20 x 20 x 20,0.5,FALSE,TRUE,FALSE,TRUE,,
1446,10-11-2024,160,NATEY C4,432,C,TRUE,TRUE,TRUE,19-04-2025,FALSE,TRUE,TRUE,TRUE,TRUE,TRUE,INNATO S,20 x 20 x 20,.6,TRUE,TRUE,FALSE,TRUE,,
1447,13-11-2024,157,INNATO D4,440,C,TRUE,TRUE,TRUE,19-04-2025,FALSE,TRUE,TRUE,TRUE,TRUE,TRUE,INNATO XL,35 x 35 x 35,3.2,TRUE,TRUE,FALSE,TRUE,,
,13-11-2024,157,INNATO B3,440,T,TRUE,TRUE,TRUE,19-04-2025,FALSE,TRUE,TRUE,TRUE,TRUE,TRUE,,,,TRUE,TRUE,FALSE,TRUE,,
1448,13-11-2024,157,NATEY G4,440,TB,TRUE,TRUE,TRUE,19-04-2025,FALSE,TRUE,TRUE,TRUE,TRUE,TRUE,NATEY S,15x15x15,.5,TRUE,TRUE,FALSE,TRUE,,
1449,13-11-2024,157,ZEN M,440,T,TRUE,TRUE,TRUE,19-04-2025,FALSE,TRUE,TRUE,TRUE,TRUE,TRUE,ZEN M,15x15x15,.5,TRUE,TRUE,FALSE,TRUE,,
1450,14-11-2024,156,ZEN M,440,T,TRUE,TRUE,TRUE,19-04-2025,FALSE,TRUE,TRUE,TRUE,TRUE,TRUE,ZEN M,15x15x15,.5,TRUE,TRUE,FALSE,TRUE,,
1451,14-11-2024,156,INNATO G3,432,SB,TRUE,TRUE,TRUE,19-04-2025,FALSE,TRUE,TRUE,TRUE,TRUE,TRUE,INNATO XXL,35 x 35 x 35,2.7,TRUE,TRUE,FALSE,TRUE,,
1452,14-11-2024,156,ZEN M,440,T,TRUE,TRUE,TRUE,19-04-2025,FALSE,TRUE,TRUE,TRUE,TRUE,TRUE,ZEN M,15x15x15,.5,TRUE,TRUE,FALSE,TRUE,,
1453,15-11-2024,155,ZEN M,440,T,TRUE,TRUE,TRUE,19-04-2025,FALSE,TRUE,TRUE,TRUE,TRUE,TRUE,ZEN M,15x15x15,.5,TRUE,TRUE,FALSE,TRUE,,
1454,15-11-2024,155,ZEN M,440,T,TRUE,TRUE,TRUE,19-04-2025,FALSE,TRUE,TRUE,TRUE,TRUE,TRUE,ZEN M,15x15x15,0.5,FALSE,TRUE,TRUE,TRUE,,
1455,16-11-2024,154,INNATO C4,440,B,TRUE,TRUE,TRUE,19-04-2025,FALSE,TRUE,TRUE,TRUE,TRUE,TRUE,INNATO M,31 x 31 x 31,2.4,TRUE,TRUE,FALSE,TRUE,,
1455,,,INNATO C4,440,B,TRUE,TRUE,TRUE,19-04-2025,FALSE,TRUE,TRUE,TRUE,TRUE,TRUE,,,,TRUE,FALSE,FALSE,TRUE,,
,,,DOUBLE C4,440,B,TRUE,TRUE,TRUE,12-12-2024,TRUE,TRUE,TRUE,TRUE,TRUE,TRUE,DOUBLE M,,,TRUE,TRUE,FALSE,TRUE,,
1455,,,DOUBLE C4,440,B,TRUE,TRUE,TRUE,19-04-2025,FALSE,TRUE,TRUE,TRUE,TRUE,TRUE,INNATO M,30x30x30,2.5,TRUE,FALSE,FALSE,TRUE,,
1456,16-11-2024,154,INNATO C4,432,C,TRUE,TRUE,TRUE,19-04-2025,FALSE,TRUE,TRUE,TRUE,TRUE,TRUE,INNATO M,30x30x30,1.8,TRUE,TRUE,FALSE,TRUE,,
1458,16-11-2024,154,INNATO E4,432,B,TRUE,TRUE,TRUE,19-04-2025,FALSE,TRUE,TRUE,TRUE,TRUE,FALSE,INNATO S,31 x 31 x 31,1.6,TRUE,TRUE,FALSE,TRUE,,
1459,17-11-2024,153,INNATO E4,432,SB,TRUE,TRUE,TRUE,19-04-2025,FALSE,TRUE,TRUE,TRUE,TRUE,FALSE,INNATO S,31 x 31 x 31,1.6,TRUE,TRUE,FALSE,TRUE,,
1460,19-11-2024,151,INNATO E4,432,B,TRUE,TRUE,TRUE,19-04-2025,FALSE,TRUE,TRUE,TRUE,TRUE,TRUE,,30x30x30,1.7,TRUE,TRUE,FALSE,TRUE,,
1461,19-11-2024,151,ZEN M,,T,TRUE,TRUE,TRUE,19-04-2025,FALSE,TRUE,TRUE,TRUE,TRUE,TRUE,ZEN M,15x15x15,.5,TRUE,TRUE,FALSE,TRUE,,
1462,21-11-2024,149,INNATO A3,432,B,TRUE,TRUE,TRUE,19-04-2025,FALSE,TRUE,TRUE,TRUE,TRUE,TRUE,INNATO XL,31 x 31 x 31,2,TRUE,TRUE,FALSE,TRUE,,
1463,24-11-2024,146,ZEN L,,T,TRUE,TRUE,TRUE,19-04-2025,FALSE,TRUE,TRUE,TRUE,TRUE,TRUE,ZEN L,20 x 20 x 20,.7,TRUE,TRUE,FALSE,TRUE,,
1464,24-11-2024,146,NATEY A3,440,SB,TRUE,TRUE,TRUE,19-04-2025,FALSE,TRUE,TRUE,TRUE,TRUE,TRUE,NATEY L,30 x 12 x 12,.6,TRUE,TRUE,FALSE,TRUE,,
1465,25-11-2024,145,INNATO A3,432,B,TRUE,TRUE,TRUE,19-04-2025,FALSE,TRUE,TRUE,TRUE,TRUE,TRUE,INNATO XL,,,TRUE,TRUE,FALSE,TRUE,,
,,,INNATO A3,432,B,TRUE,TRUE,TRUE,19-04-2025,FALSE,TRUE,TRUE,TRUE,TRUE,TRUE,INNATO XL,,,TRUE,TRUE,FALSE,TRUE,,
,,,INNATO A3,432,B,TRUE,TRUE,TRUE,19-04-2025,FALSE,TRUE,TRUE,TRUE,TRUE,TRUE,INNATO XL,,,TRUE,TRUE,FALSE,TRUE,,
,,,INNATO C4,432,B,TRUE,TRUE,TRUE,19-04-2025,FALSE,TRUE,TRUE,TRUE,TRUE,TRUE,INNATO M,,,TRUE,TRUE,FALSE,TRUE,,
,,,INNATO C4,432,B,TRUE,TRUE,TRUE,19-04-2025,FALSE,TRUE,TRUE,TRUE,TRUE,TRUE,INNATO M,,,TRUE,TRUE,FALSE,TRUE,,
,,,INNATO C4,432,B,TRUE,TRUE,TRUE,19-04-2025,FALSE,TRUE,TRUE,TRUE,TRUE,TRUE,INNATO M,40 x 40 x 40,9.4,TRUE,TRUE,FALSE,TRUE,,
1467,26-11-2024,144,INNATO C4,440,B,TRUE,TRUE,TRUE,19-04-2025,FALSE,TRUE,TRUE,TRUE,TRUE,TRUE,,30x30x30,2,TRUE,TRUE,FALSE,TRUE,,
1468,27-11-2024,143,CARDS,,,FALSE,FALSE,FALSE,,FALSE,FALSE,FALSE,FALSE,FALSE,FALSE,,,,FALSE,FALSE,FALSE,TRUE,,
1469,28-11-2024,142,CARDS,,,FALSE,FALSE,TRUE,19-04-2025,FALSE,FALSE,FALSE,FALSE,FALSE,FALSE,,,,FALSE,FALSE,FALSE,TRUE,,
1472,28-11-2024,142,INNATO C4,432,SB,TRUE,TRUE,TRUE,19-04-2025,FALSE,TRUE,TRUE,TRUE,TRUE,TRUE,,30x30x30,2,TRUE,TRUE,TRUE,TRUE,wordt volgende week zondag opgehaald ,
1473,29-11-2024,141,INNATO Bb3,440,SB,TRUE,TRUE,TRUE,19-04-2025,FALSE,TRUE,TRUE,TRUE,TRUE,TRUE,,30x30x30,2,TRUE,TRUE,TRUE,TRUE,,
147430-11-24,30-11-2024,140,INNATO C4,432,SB,TRUE,TRUE,TRUE,19-04-2025,FALSE,TRUE,TRUE,TRUE,TRUE,TRUE,,30x30x30,2,TRUE,TRUE,TRUE,TRUE,,
1475,30-11-2024,140,INNATO C4,432,SB,TRUE,TRUE,TRUE,19-04-2025,FALSE,TRUE,TRUE,TRUE,TRUE,TRUE,,30x30x30,2,TRUE,TRUE,TRUE,TRUE,,
1476,30-11-2024,140,CARDS,,,FALSE,FALSE,FALSE,,FALSE,FALSE,FALSE,FALSE,FALSE,FALSE,,,,FALSE,FALSE,FALSE,TRUE,,
1477,30-11-2024,140,INNATO C4,440,B,TRUE,TRUE,TRUE,19-04-2025,FALSE,TRUE,TRUE,TRUE,TRUE,TRUE,,30x30x30,2,TRUE,TRUE,FALSE,TRUE,,
1478,1-12-2024,139,CARDS,,,FALSE,FALSE,FALSE,,FALSE,FALSE,FALSE,FALSE,FALSE,TRUE,,,,FALSE,FALSE,FALSE,TRUE,,
1479,1-12-2024,139,INNATO E4,440,SB,TRUE,TRUE,TRUE,19-04-2025,FALSE,TRUE,TRUE,TRUE,TRUE,TRUE,,30x30x30,1.7,TRUE,TRUE,FALSE,TRUE,,
1480,1-12-2024,139,ZEN M,,T,TRUE,TRUE,TRUE,19-04-2025,FALSE,TRUE,TRUE,TRUE,FALSE,TRUE,ZEN M,15x15x15,0.5,TRUE,TRUE,FALSE,TRUE,,
1481,2-12-2024,138,CARDS,,,FALSE,FALSE,FALSE,,FALSE,FALSE,FALSE,FALSE,FALSE,FALSE,,,0.5,FALSE,TRUE,FALSE,TRUE,,
1482,2-12-2024,138,CARDS,,,FALSE,FALSE,FALSE,,FALSE,FALSE,FALSE,FALSE,FALSE,FALSE,,,,FALSE,FALSE,FALSE,TRUE,,
1470,28-11-2024,142,INNATO Bb3,432,C,TRUE,TRUE,TRUE,19-04-2025,FALSE,TRUE,TRUE,TRUE,TRUE,TRUE,,,,TRUE,TRUE,TRUE,TRUE,Voor luis naar nieuw adress Mexico,
1471,28-11-2024,142,DOUBLE G#3,432,SB,TRUE,TRUE,TRUE,19-04-2025,FALSE,TRUE,TRUE,TRUE,TRUE,FALSE,,,,TRUE,TRUE,TRUE,TRUE,Idem,
1486,4-12-2024,136,INNATO E4,440,C,TRUE,TRUE,TRUE,19-04-2025,FALSE,TRUE,TRUE,TRUE,TRUE,TRUE,,30x30x30,1.7,TRUE,TRUE,FALSE,TRUE,,
1489,6-12-2024,134,INNATO E4,440,B,TRUE,TRUE,TRUE,19-04-2025,FALSE,TRUE,TRUE,TRUE,TRUE,TRUE,,,,TRUE,TRUE,TRUE,TRUE,Mee naar India,
1466,25-11-2024,145,INNATO B3,432,B,TRUE,TRUE,TRUE,19-04-2025,FALSE,TRUE,TRUE,TRUE,TRUE,TRUE,INNATO M,30x30x30,1.9,TRUE,TRUE,TRUE,TRUE,,
14832-12-24,2-12-2024,138,INNATO B3,432,B,TRUE,TRUE,TRUE,19-04-2025,FALSE,TRUE,TRUE,TRUE,TRUE,TRUE,INNATO M,30x30x30,1.9,TRUE,TRUE,TRUE,TRUE,,
1484,3-12-2024,137,DOUBLE C4,440,B,TRUE,TRUE,TRUE,19-04-2025,FALSE,TRUE,TRUE,TRUE,TRUE,TRUE,DOUBLE L,20 x 20 x 20,0.8,TRUE,TRUE,TRUE,TRUE,,
1487,4-12-2024,136,NATEY C4,440,B,TRUE,TRUE,TRUE,19-04-2025,FALSE,TRUE,TRUE,TRUE,TRUE,TRUE,NATEY M,30 x 12 x 12,0.5,TRUE,TRUE,TRUE,TRUE,,
1488,4-12-2024,136,NATEY D4,440,TB,TRUE,TRUE,TRUE,19-04-2025,FALSE,TRUE,TRUE,TRUE,TRUE,TRUE,NATEY M,30 x 12 x 12,0.5,TRUE,TRUE,TRUE,TRUE,,
1490,6-12-2024,134,NATEY C4,440,SB,TRUE,TRUE,TRUE,19-04-2025,FALSE,TRUE,TRUE,TRUE,TRUE,TRUE,INNATO M,30 x 12 x 12,0.5,TRUE,TRUE,TRUE,TRUE,,
1491,7-12-2024,133,INNATO D#4,440,T,TRUE,TRUE,TRUE,19-04-2025,FALSE,TRUE,TRUE,TRUE,TRUE,TRUE,INNATO S,30x30x30,1.6,TRUE,TRUE,TRUE,TRUE,,
1495,15-12-2024,125,DOUBLE C4,440,C,TRUE,TRUE,TRUE,19-04-2025,FALSE,TRUE,TRUE,TRUE,TRUE,TRUE,ZEN L,20 x 20 x 20,0.9,TRUE,TRUE,TRUE,TRUE,,
1496,16-12-2024,124,ZEN L,440,B,TRUE,TRUE,TRUE,19-04-2025,FALSE,TRUE,TRUE,TRUE,TRUE,TRUE,ZEN L,20 x 20 x 20,0.7,TRUE,TRUE,TRUE,TRUE,tune in E,
1497,17-12-2024,123,INNATO C4,440,SB,TRUE,TRUE,TRUE,19-04-2025,FALSE,TRUE,TRUE,TRUE,TRUE,TRUE,INNATO M,30x30x30,1.8,TRUE,TRUE,TRUE,TRUE,,
1536,1-2-2025,77,INNATO E4,432,SB,TRUE,TRUE,TRUE,19-04-2025,FALSE,TRUE,TRUE,TRUE,TRUE,TRUE,INNATO S,30x30x30,1.6,TRUE,TRUE,TRUE,TRUE,,
same,,,DOUBLE A3,440,SB,TRUE,TRUE,TRUE,19-04-2025,FALSE,TRUE,TRUE,TRUE,TRUE,TRUE,DOUBLE L,,,TRUE,TRUE,TRUE,TRUE,,
1499,18-12-2024,122,NATEY D4,440,C,TRUE,TRUE,TRUE,19-04-2025,FALSE,TRUE,TRUE,TRUE,TRUE,TRUE,NATEY M,30 x 12 x 12,0.4,TRUE,TRUE,TRUE,TRUE,,
1503,20-12-2024,120,INNATO A3,440,B,TRUE,TRUE,TRUE,19-04-2025,FALSE,TRUE,TRUE,TRUE,TRUE,TRUE,INNATO XL,35 x 35 x 35,2.2,TRUE,TRUE,TRUE,TRUE,,
1506,27-12-2024,113,NATEY F#4,440,C,TRUE,TRUE,TRUE,19-04-2025,FALSE,TRUE,TRUE,TRUE,TRUE,TRUE,NATEY M,20 x 20 x 20,,TRUE,TRUE,TRUE,TRUE,,
same,samen,#VALUE!,DOUBLE B3,440,SB,TRUE,TRUE,TRUE,19-04-2025,FALSE,TRUE,TRUE,TRUE,TRUE,TRUE,DOUBLE L,,,TRUE,TRUE,TRUE,TRUE,,
1507,28-12-2024,112,INNATO A3,432,TB,TRUE,TRUE,TRUE,19-04-2025,FALSE,TRUE,TRUE,TRUE,TRUE,TRUE,INNATO XL,35 x 35 x 35,2.2,TRUE,TRUE,TRUE,TRUE,,
1508,28-12-2024,112,NATEY D4,432,B,TRUE,TRUE,TRUE,19-04-2025,FALSE,TRUE,TRUE,TRUE,TRUE,TRUE,NATEY M,30 x 12 x 12,0.4,TRUE,TRUE,TRUE,TRUE,,
1509,29-12-2024,111,NATEY A3,440,SB,TRUE,TRUE,TRUE,19-04-2025,FALSE,TRUE,TRUE,TRUE,TRUE,TRUE,NATEY L,30 x 12 x 12,0.5,TRUE,TRUE,TRUE,TRUE,,
1510,29-12-2024,111,INNATO A3,440,SB,TRUE,TRUE,TRUE,19-04-2025,FALSE,TRUE,TRUE,TRUE,TRUE,TRUE,INNATO XL,35 x 35 x 35,2.2,TRUE,TRUE,TRUE,TRUE,,
1511,31-12-2024,109,INNATO G#3,432,C,TRUE,TRUE,TRUE,19-04-2025,FALSE,TRUE,TRUE,TRUE,TRUE,TRUE,INNATO XL,35 x 35 x 35,2.4,TRUE,TRUE,TRUE,TRUE,,
1513,3-1-2025,106,INNATO C4,432,C,TRUE,TRUE,TRUE,19-04-2025,FALSE,TRUE,TRUE,TRUE,TRUE,TRUE,INNATO M,30x30x30,1.8,TRUE,TRUE,TRUE,TRUE,,
1514,5-1-2025,104,INNATO D4,440,T,TRUE,TRUE,TRUE,19-04-2025,FALSE,TRUE,TRUE,TRUE,TRUE,TRUE,INNATO S,30x30x30,1.7,TRUE,TRUE,TRUE,TRUE,,
1519,12-1-2025,97,INNATO A3,432,C,TRUE,TRUE,TRUE,19-04-2025,FALSE,TRUE,TRUE,TRUE,TRUE,TRUE,INNATO XL,35 x 35 x 35,2.2,TRUE,TRUE,TRUE,TRUE,,
1426,16-11-2024,154,INNATO G3,432,C,TRUE,TRUE,TRUE,19-04-2025,FALSE,TRUE,TRUE,TRUE,TRUE,TRUE,INNATO XXL,35x35x30,2.6,TRUE,FALSE,FALSE,FALSE,,
1485,3-12-2024,137,NATEY G#4,432,B,TRUE,TRUE,TRUE,19-04-2025,FALSE,TRUE,TRUE,TRUE,TRUE,TRUE,NATEY S,15x15x15,0.5,TRUE,TRUE,FALSE,FALSE,,
1492,9-12-2024,131,NATEY A4,432,TB,TRUE,TRUE,TRUE,19-04-2025,FALSE,TRUE,TRUE,TRUE,TRUE,TRUE,NATEY S,15x15x15,0.5,TRUE,TRUE,FALSE,FALSE,,
1493,10-12-2024,130,NATEY A4,440,B,TRUE,TRUE,TRUE,19-04-2025,FALSE,TRUE,TRUE,TRUE,TRUE,TRUE,NATEY S,15x15x15,0.5,TRUE,TRUE,FALSE,FALSE,,
1494,12-12-2024,128,INNATO B3,432,B,TRUE,TRUE,TRUE,19-04-2025,FALSE,TRUE,TRUE,TRUE,TRUE,TRUE,INNATO L,31 x 31 x 31,1.9,TRUE,TRUE,FALSE,FALSE,Traveling in maart,
1556,,,INNATO E4,440,TB,TRUE,TRUE,TRUE,19-04-2025,FALSE,TRUE,TRUE,TRUE,TRUE,TRUE,,,samen,TRUE,TRUE,FALSE,FALSE,samen met 1498,
1498,18-12-2024,122,INNATO A3,440,SB,TRUE,TRUE,TRUE,19-04-2025,FALSE,TRUE,TRUE,TRUE,TRUE,TRUE,INNATO XL,35x35x30,3.0,TRUE,TRUE,FALSE,FALSE,samen met 1556,
1500,18-12-2024,122,INNATO Bb3,440,SB,TRUE,TRUE,TRUE,19-04-2025,FALSE,TRUE,TRUE,TRUE,TRUE,TRUE,INNATO XL,35x35x30,2,TRUE,TRUE,FALSE,FALSE,Need to be Bbm,
1501,20-12-24,120,INNATO A3,432,SB,TRUE,TRUE,TRUE,19-04-2025,FALSE,TRUE,TRUE,TRUE,TRUE,TRUE,INNATO M,35x35x30,3.1,TRUE,TRUE,FALSE,FALSE,Komt terug verkeerde stemming,
1502,2-12-2024,138,NATEY A4,440,B,TRUE,TRUE,TRUE,19-04-2025,FALSE,TRUE,TRUE,TRUE,TRUE,TRUE,NATEY S,15x15x15,0.5,TRUE,TRUE,FALSE,FALSE,,
1504,21-12-2024,119,NATEY A4,440,SB,TRUE,TRUE,TRUE,19-04-2025,FALSE,TRUE,TRUE,TRUE,TRUE,TRUE,NATEY S,15x15x15,0.5,TRUE,TRUE,FALSE,FALSE,,
1457,16-11-2024,154,NATEY G3,440,TB,TRUE,TRUE,FALSE,,FALSE,FALSE,FALSE,FALSE,FALSE,FALSE,,,,FALSE,FALSE,FALSE,FALSE,,
1505,25-12-2024,115,CARDS,,,TRUE,TRUE,TRUE,19-04-2025,FALSE,TRUE,TRUE,TRUE,TRUE,TRUE,,,,TRUE,FALSE,FALSE,FALSE,,
1512,3-1-2025,106,INNATO F#3,432,SB,TRUE,TRUE,TRUE,19-04-2025,FALSE,TRUE,TRUE,TRUE,TRUE,TRUE,INNATO XXL,35x35x30,2.7,TRUE,TRUE,FALSE,FALSE,,
1516,9-1-2025,100,DOUBLE Bb3,440,SB,TRUE,TRUE,TRUE,15-03-2025,TRUE,TRUE,TRUE,TRUE,TRUE,TRUE,DOUBLE L,20 x 20 x 20,1,TRUE,TRUE,FALSE,FALSE,,
1517,10-1-2025,99,NATEY F#4,440,TB,TRUE,TRUE,TRUE,19-04-2025,FALSE,TRUE,TRUE,TRUE,TRUE,TRUE,NATEY M,30 x 12 x 12,0.5,TRUE,TRUE,FALSE,FALSE,,
1549,27-2-2025,51,INNATO G#3,440,B,TRUE,TRUE,TRUE,19-04-2025,FALSE,TRUE,TRUE,TRUE,TRUE,TRUE,INNATO XL,35x35x30,2.4,TRUE,TRUE,FALSE,FALSE,,
1520,16-1-2025,93,INNATO A3,440,C,TRUE,TRUE,TRUE,19-04-2025,FALSE,TRUE,TRUE,TRUE,TRUE,TRUE,INNATO XL,31 x 31 x 31,1.9,TRUE,TRUE,FALSE,FALSE,,
1521,16-1-2025,93,INNATO G3,432,SB,TRUE,TRUE,TRUE,19-04-2025,FALSE,TRUE,TRUE,TRUE,TRUE,TRUE,INNATO XXL,31 x 31 x 31,,TRUE,TRUE,FALSE,FALSE,,
1522,17-1-2025,92,NATEY C4,440,TB,TRUE,TRUE,TRUE,19-04-2025,FALSE,TRUE,TRUE,TRUE,TRUE,TRUE,NATEY M,30 x 12 x 12,0.5,TRUE,TRUE,FALSE,FALSE,,
1523,19-1-2025,90,DOUBLE C4,432,C,TRUE,TRUE,TRUE,19-04-2025,FALSE,TRUE,TRUE,TRUE,TRUE,TRUE,DOUBLE M,20 x 20 x 20,0.8,TRUE,TRUE,FALSE,FALSE,,
1524,19-1-2025,90,INNATO B3,440,B,TRUE,TRUE,TRUE,19-04-2025,FALSE,TRUE,TRUE,TRUE,TRUE,TRUE,INNATO L,31 x 31 x 31,1.9,TRUE,TRUE,FALSE,FALSE,,
1525,20-1-2025,89,ZEN M,440,T,TRUE,TRUE,TRUE,25-03-2025,TRUE,FALSE,FALSE,FALSE,FALSE,FALSE,,,,FALSE,FALSE,FALSE,FALSE,,
1526,20-1-2025,89,INNATO A3,440,TB,TRUE,TRUE,TRUE,19-04-2025,FALSE,FALSE,FALSE,FALSE,FALSE,FALSE,,,,FALSE,FALSE,FALSE,FALSE,,
1527,21-1-2025,88,NATEY G#4,440,B,TRUE,TRUE,TRUE,19-04-2025,FALSE,TRUE,TRUE,TRUE,TRUE,TRUE,NATEY S,15x15x15,0.5,TRUE,TRUE,FALSE,FALSE,,
1528,22-1-2025,87,ZEN L,440,B,TRUE,TRUE,TRUE,19-04-2025,FALSE,FALSE,FALSE,FALSE,FALSE,FALSE,,,,FALSE,FALSE,FALSE,FALSE,,
1529,22-1-2025,87,NATEY C4,432,TB,TRUE,TRUE,TRUE,19-04-2025,FALSE,TRUE,TRUE,TRUE,TRUE,TRUE,NATEY M,30 x 12 x 12,0.5,TRUE,TRUE,FALSE,FALSE,,
1530,22-1-2025,87,CARDS,,,TRUE,TRUE,TRUE,19-04-2025,FALSE,TRUE,TRUE,TRUE,TRUE,TRUE,,,,FALSE,FALSE,FALSE,FALSE,,
same,,,DOUBLE B3,440,TB,TRUE,TRUE,TRUE,19-04-2025,FALSE,FALSE,FALSE,FALSE,FALSE,FALSE,,,,FALSE,FALSE,FALSE,FALSE,,
1531,25-1-2025,84,INNATO D#4,432,T,TRUE,TRUE,TRUE,19-04-2025,FALSE,TRUE,TRUE,TRUE,TRUE,TRUE,INNATO S,31 x 31 x 31,1.7,TRUE,TRUE,FALSE,FALSE,,
1532,26-1-2025,83,INNATO B3,432,SB,TRUE,TRUE,TRUE,19-04-2025,FALSE,TRUE,TRUE,TRUE,TRUE,TRUE,INNATO L,31 x 31 x 31,1.9,TRUE,TRUE,FALSE,FALSE,,
1533,26-1-2025,83,NATEY E4,440,TB,TRUE,TRUE,TRUE,19-04-2025,FALSE,TRUE,TRUE,TRUE,TRUE,TRUE,NATEY M,30 x 12 x 12,.5,TRUE,TRUE,FALSE,FALSE,,
1534,26-1-2025,83,INNATO D#4,440,B,TRUE,TRUE,TRUE,19-04-2025,FALSE,TRUE,TRUE,TRUE,TRUE,TRUE,INNATO S,31 x 31 x 31,1.5,TRUE,TRUE,FALSE,FALSE,,
1535,27-1-2025,82,CARDS,,,TRUE,TRUE,FALSE,,FALSE,TRUE,TRUE,TRUE,TRUE,TRUE,,,,TRUE,FALSE,FALSE,FALSE,,
1537,1-2-2025,77,INNATO A3,440,B,TRUE,TRUE,FALSE,,FALSE,FALSE,FALSE,FALSE,FALSE,FALSE,,,,FALSE,FALSE,FALSE,FALSE,,
1538,4-2-2025,74,NATEY E4,440,C,TRUE,TRUE,FALSE,,FALSE,FALSE,FALSE,FALSE,FALSE,FALSE,,,,FALSE,FALSE,FALSE,FALSE,,
1539,8-2-2025,70,INNATO F3,440,C,TRUE,TRUE,TRUE,19-04-2025,FALSE,FALSE,FALSE,FALSE,FALSE,FALSE,,,,FALSE,FALSE,FALSE,FALSE,,
1540,11-2-2025,67,INNATO A3,432,SB,TRUE,TRUE,FALSE,,FALSE,FALSE,FALSE,FALSE,FALSE,FALSE,,,,FALSE,FALSE,FALSE,FALSE,,
1541,13-2-2025,65,INNATO C4,440,SB,TRUE,TRUE,TRUE,19-04-2025,FALSE,FALSE,FALSE,FALSE,FALSE,FALSE,,,,FALSE,FALSE,FALSE,FALSE,,
,,,DOUBLE G3,440,TB,TRUE,TRUE,FALSE,,FALSE,FALSE,FALSE,FALSE,FALSE,FALSE,,,,FALSE,FALSE,FALSE,FALSE,,
,,,ZEN L,440,B,TRUE,TRUE,FALSE,,FALSE,FALSE,FALSE,FALSE,FALSE,FALSE,,,,FALSE,FALSE,FALSE,FALSE,,
1543,20-2-2025,58,INNATO C4,440,B,FALSE,FALSE,FALSE,,FALSE,FALSE,FALSE,FALSE,FALSE,FALSE,,,,FALSE,FALSE,FALSE,FALSE,,
1544,22-2-2025,56,NATEY C#4,440,B,FALSE,FALSE,FALSE,,FALSE,FALSE,FALSE,FALSE,FALSE,FALSE,,,,FALSE,FALSE,FALSE,FALSE,,
1545,24-2-2025,54,NATEY A4,440,SB,FALSE,FALSE,FALSE,,FALSE,FALSE,FALSE,FALSE,FALSE,FALSE,,,,FALSE,FALSE,FALSE,FALSE,,
1546,25-2-2025,53,INNATO Em3,432,B,FALSE,FALSE,FALSE,,FALSE,FALSE,FALSE,FALSE,FALSE,FALSE,,,,FALSE,FALSE,FALSE,FALSE,,
1547,26-2-2025,52,INNATO Bb3,432,C,FALSE,FALSE,FALSE,,FALSE,FALSE,FALSE,FALSE,FALSE,FALSE,,,,FALSE,FALSE,FALSE,FALSE,,
1548,27-2-2025,51,INNATO A3,440,SB,FALSE,FALSE,FALSE,,FALSE,FALSE,FALSE,FALSE,FALSE,FALSE,,,,FALSE,FALSE,FALSE,FALSE,,
1550,1-3-2025,49,INNATO F#3,432,B,FALSE,FALSE,FALSE,,FALSE,FALSE,FALSE,FALSE,FALSE,FALSE,,,,FALSE,FALSE,FALSE,FALSE,,
1551,2-3-2025,48,ZEN L,440,B,FALSE,FALSE,FALSE,,FALSE,FALSE,FALSE,FALSE,FALSE,FALSE,,,,FALSE,FALSE,FALSE,FALSE,,
1552,5-3-2025,45,INNATO G3,432,B,FALSE,FALSE,FALSE,,FALSE,FALSE,FALSE,FALSE,FALSE,FALSE,,,,FALSE,FALSE,FALSE,FALSE,,
1553,7-3-2025,43,NATEY G3,440,TB,FALSE,FALSE,FALSE,,FALSE,FALSE,FALSE,FALSE,FALSE,FALSE,,,,FALSE,FALSE,FALSE,FALSE,,
1554,7-3-2025,43,NATEY G#3,440,TB,FALSE,FALSE,FALSE,,FALSE,FALSE,FALSE,FALSE,FALSE,FALSE,,,,FALSE,FALSE,FALSE,FALSE,,
same,,,ZEN L,440,B,FALSE,FALSE,FALSE,,FALSE,FALSE,FALSE,FALSE,FALSE,FALSE,,,,FALSE,FALSE,FALSE,FALSE,,
same,,,INNATO C#4,440,TB,FALSE,FALSE,FALSE,,FALSE,FALSE,FALSE,FALSE,FALSE,FALSE,,,,FALSE,FALSE,FALSE,FALSE,,
same,,,,,,FALSE,FALSE,FALSE,,FALSE,FALSE,FALSE,FALSE,FALSE,FALSE,,,,FALSE,FALSE,FALSE,FALSE,,
1557,10-3-2025,40,INNATO A3,440,TB,FALSE,FALSE,FALSE,,FALSE,FALSE,FALSE,FALSE,FALSE,FALSE,,,,FALSE,FALSE,FALSE,FALSE,,
1558,14-3-2025,36,INNATO C4,432,SB,FALSE,FALSE,FALSE,,FALSE,FALSE,FALSE,FALSE,FALSE,FALSE,,,,FALSE,FALSE,FALSE,FALSE,,
1559,15-3-2025,35,INNATO A3,440,B,FALSE,FALSE,FALSE,,FALSE,FALSE,FALSE,FALSE,FALSE,FALSE,,,,FALSE,FALSE,FALSE,FALSE,,
,,,INNATO A3,440,SB,FALSE,FALSE,FALSE,,FALSE,FALSE,FALSE,FALSE,FALSE,FALSE,,,,FALSE,FALSE,FALSE,FALSE,,
1560,15-3-2025,35,INNATO G#3,440,SB,FALSE,FALSE,FALSE,,FALSE,FALSE,FALSE,FALSE,FALSE,FALSE,,,,FALSE,FALSE,FALSE,FALSE,,
,,,INNATO Em3,440,B,FALSE,FALSE,FALSE,,FALSE,FALSE,FALSE,FALSE,FALSE,FALSE,,,,FALSE,FALSE,FALSE,FALSE,,
1561,15-3-2025,35,INNATO B3,440,SB,FALSE,FALSE,FALSE,,FALSE,FALSE,FALSE,FALSE,FALSE,FALSE,,,,FALSE,FALSE,FALSE,FALSE,,
1562,16-3-2025,34,INNATO G3,432,SB,FALSE,FALSE,FALSE,,FALSE,FALSE,FALSE,FALSE,FALSE,FALSE,,,,FALSE,FALSE,FALSE,FALSE,,
1563,16-3-2025,34,INNATO C4,440,TB,FALSE,FALSE,FALSE,,FALSE,FALSE,FALSE,FALSE,FALSE,FALSE,,,,FALSE,FALSE,FALSE,FALSE,,
1564,16-3-2025,34,INNATO E4,440,B,FALSE,FALSE,FALSE,,FALSE,FALSE,FALSE,FALSE,FALSE,FALSE,,,,FALSE,FALSE,FALSE,FALSE,,
1565,17-3-2025,33,NATEY G#4,440,SB,FALSE,FALSE,FALSE,,FALSE,FALSE,FALSE,FALSE,FALSE,FALSE,,,,FALSE,FALSE,FALSE,FALSE,,
1566,17-3-2025,33,NATEY A3,432,TB,FALSE,FALSE,FALSE,,FALSE,FALSE,FALSE,FALSE,FALSE,FALSE,,,,FALSE,FALSE,FALSE,FALSE,,
1567,18-3-25,32,NATEY A4,432,B,FALSE,FALSE,FALSE,,FALSE,FALSE,FALSE,FALSE,FALSE,FALSE,,,,FALSE,FALSE,FALSE,FALSE,,
1568,19-3-2025,31,INNATO C4,440,SB,FALSE,FALSE,FALSE,,FALSE,FALSE,FALSE,FALSE,FALSE,FALSE,,,,FALSE,FALSE,FALSE,FALSE,,
1571,,,,,,FALSE,FALSE,FALSE,,FALSE,FALSE,FALSE,FALSE,FALSE,FALSE,,,,FALSE,FALSE,FALSE,FALSE,,
,,,,,,FALSE,FALSE,FALSE,,FALSE,FALSE,FALSE,FALSE,FALSE,FALSE,,,,FALSE,FALSE,FALSE,FALSE,,
,,,,,,FALSE,FALSE,FALSE,,FALSE,FALSE,FALSE,FALSE,FALSE,FALSE,,,,FALSE,FALSE,FALSE,FALSE,,
,,,,,,FALSE,FALSE,FALSE,,FALSE,FALSE,FALSE,FALSE,FALSE,FALSE,,,,FALSE,FALSE,FALSE,FALSE,,
,,,,,,FALSE,FALSE,FALSE,,FALSE,FALSE,FALSE,FALSE,FALSE,FALSE,,,,FALSE,FALSE,FALSE,FALSE,,
,,,,,,FALSE,FALSE,FALSE,,FALSE,FALSE,FALSE,FALSE,FALSE,FALSE,,,,FALSE,FALSE,FALSE,FALSE,,
,,,,,,FALSE,FALSE,FALSE,,FALSE,FALSE,FALSE,FALSE,FALSE,FALSE,,,,FALSE,FALSE,FALSE,FALSE,,
,,,,,,FALSE,FALSE,FALSE,,FALSE,FALSE,FALSE,FALSE,FALSE,FALSE,,,,FALSE,FALSE,FALSE,FALSE,,
,,,,,,FALSE,FALSE,FALSE,,FALSE,FALSE,FALSE,FALSE,FALSE,FALSE,,,,FALSE,FALSE,FALSE,FALSE,,
,,,,,,FALSE,FALSE,FALSE,,FALSE,FALSE,FALSE,FALSE,FALSE,FALSE,,,,FALSE,FALSE,FALSE,FALSE,,
,,,,,,FALSE,FALSE,FALSE,,FALSE,FALSE,FALSE,FALSE,FALSE,FALSE,,,,FALSE,FALSE,FALSE,FALSE,,
,,,,,,FALSE,FALSE,FALSE,,FALSE,FALSE,FALSE,FALSE,FALSE,FALSE,,,,FALSE,FALSE,FALSE,FALSE,,
,,,,,,FALSE,FALSE,FALSE,,FALSE,FALSE,FALSE,FALSE,FALSE,FALSE,,,,FALSE,FALSE,FALSE,FALSE,,
,,,,,,FALSE,FALSE,FALSE,,FALSE,FALSE,FALSE,FALSE,FALSE,FALSE,,,,FALSE,FALSE,FALSE,FALSE,,
,,,,,,FALSE,FALSE,FALSE,,FALSE,FALSE,FALSE,FALSE,FALSE,FALSE,,,,FALSE,FALSE,FALSE,FALSE,,
,,,,,,FALSE,FALSE,FALSE,,FALSE,FALSE,FALSE,FALSE,FALSE,FALSE,,,,FALSE,FALSE,FALSE,FALSE,,
,,,,,,FALSE,FALSE,FALSE,,FALSE,FALSE,FALSE,FALSE,FALSE,FALSE,,,,FALSE,FALSE,FALSE,FALSE,,
,,,,,,FALSE,FALSE,FALSE,,FALSE,FALSE,FALSE,FALSE,FALSE,FALSE,,,,FALSE,FALSE,FALSE,FALSE,,
,,,,,,FALSE,FALSE,FALSE,,FALSE,FALSE,FALSE,FALSE,FALSE,FALSE,,,,FALSE,FALSE,FALSE,FALSE,,
,,,,,,FALSE,FALSE,FALSE,,FALSE,FALSE,FALSE,FALSE,FALSE,FALSE,,,,FALSE,FALSE,FALSE,FALSE,,
,,,,,,FALSE,FALSE,FALSE,,FALSE,FALSE,FALSE,FALSE,FALSE,FALSE,,,,FALSE,FALSE,FALSE,FALSE,,
,,,,,,FALSE,FALSE,FALSE,,FALSE,FALSE,FALSE,FALSE,FALSE,FALSE,,,,FALSE,FALSE,FALSE,FALSE,,
,,,,,,FALSE,FALSE,FALSE,,FALSE,FALSE,FALSE,FALSE,FALSE,FALSE,,,,FALSE,FALSE,FALSE,FALSE,,
,,,,,,FALSE,FALSE,FALSE,,FALSE,FALSE,FALSE,FALSE,FALSE,FALSE,,,,FALSE,FALSE,FALSE,FALSE,,
,,,,,,FALSE,FALSE,FALSE,,FALSE,FALSE,FALSE,FALSE,FALSE,FALSE,,,,FALSE,FALSE,FALSE,FALSE,,
,,,,,,FALSE,FALSE,FALSE,,FALSE,FALSE,FALSE,FALSE,FALSE,FALSE,,,,FALSE,FALSE,FALSE,FALSE,,
,,,,,,FALSE,FALSE,FALSE,,FALSE,FALSE,FALSE,FALSE,FALSE,FALSE,,,,FALSE,FALSE,FALSE,FALSE,,
,,,,,,FALSE,FALSE,FALSE,,FALSE,FALSE,FALSE,FALSE,FALSE,FALSE,,,,FALSE,FALSE,FALSE,FALSE,,
,,,,,,FALSE,FALSE,FALSE,,FALSE,FALSE,FALSE,FALSE,FALSE,FALSE,,,,FALSE,FALSE,FALSE,FALSE,,
,,,,,,FALSE,FALSE,FALSE,,FALSE,FALSE,FALSE,FALSE,FALSE,FALSE,,,,FALSE,FALSE,FALSE,FALSE,,
,,,,,,FALSE,FALSE,FALSE,,FALSE,FALSE,FALSE,FALSE,FALSE,FALSE,,,,FALSE,FALSE,FALSE,FALSE,,
,,,,,,FALSE,FALSE,FALSE,,FALSE,FALSE,FALSE,FALSE,FALSE,FALSE,,,,FALSE,FALSE,FALSE,FALSE,,
,,,,,,FALSE,FALSE,FALSE,,FALSE,FALSE,FALSE,FALSE,FALSE,FALSE,,,,FALSE,FALSE,FALSE,FALSE,,
,,,,,,FALSE,FALSE,FALSE,,FALSE,FALSE,FALSE,FALSE,FALSE,FALSE,,,,FALSE,FALSE,FALSE,FALSE,,
,,,,,,FALSE,FALSE,FALSE,,FALSE,FALSE,FALSE,FALSE,FALSE,FALSE,,,,FALSE,FALSE,FALSE,FALSE,,
,,,,,,FALSE,FALSE,FALSE,,FALSE,FALSE,FALSE,FALSE,FALSE,FALSE,,,,FALSE,FALSE,FALSE,FALSE,,
,,,,,,FALSE,FALSE,FALSE,,FALSE,FALSE,FALSE,FALSE,FALSE,FALSE,,,,FALSE,FALSE,FALSE,FALSE,,
,,,,,,FALSE,FALSE,FALSE,,FALSE,FALSE,FALSE,FALSE,FALSE,FALSE,,,,FALSE,FALSE,FALSE,FALSE,,
,,,,,,FALSE,FALSE,FALSE,,FALSE,FALSE,FALSE,FALSE,FALSE,FALSE,,,,FALSE,FALSE,FALSE,FALSE,,
,,,,,,FALSE,FALSE,FALSE,,FALSE,FALSE,FALSE,FALSE,FALSE,FALSE,,,,FALSE,FALSE,FALSE,FALSE,,
,,,,,,FALSE,FALSE,FALSE,,FALSE,FALSE,FALSE,FALSE,FALSE,FALSE,,,,FALSE,FALSE,FALSE,FALSE,,
,,,,,,FALSE,FALSE,FALSE,,FALSE,FALSE,FALSE,FALSE,FALSE,FALSE,,,,FALSE,FALSE,FALSE,FALSE,,
,,,,,,FALSE,FALSE,FALSE,,FALSE,FALSE,FALSE,FALSE,FALSE,FALSE,,,,FALSE,FALSE,FALSE,FALSE,,
,,,,,,FALSE,FALSE,FALSE,,FALSE,FALSE,FALSE,FALSE,FALSE,FALSE,,,,FALSE,FALSE,FALSE,FALSE,,
,,,,,,FALSE,FALSE,FALSE,,FALSE,FALSE,FALSE,FALSE,FALSE,FALSE,,,,FALSE,FALSE,FALSE,FALSE,,
,,,,,,FALSE,FALSE,FALSE,,FALSE,FALSE,FALSE,FALSE,FALSE,FALSE,,,,FALSE,FALSE,FALSE,FALSE,,
,,,,,,FALSE,FALSE,FALSE,,FALSE,FALSE,FALSE,FALSE,FALSE,FALSE,,,,FALSE,FALSE,FALSE,FALSE,,
,,,,,,FALSE,FALSE,FALSE,,FALSE,FALSE,FALSE,FALSE,FALSE,FALSE,,,,FALSE,FALSE,FALSE,FALSE,,
,,,,,,FALSE,FALSE,FALSE,,FALSE,FALSE,FALSE,FALSE,FALSE,FALSE,,,,FALSE,FALSE,FALSE,FALSE,,
,,,,,,FALSE,FALSE,FALSE,,FALSE,FALSE,FALSE,FALSE,FALSE,FALSE,,,,FALSE,FALSE,FALSE,FALSE,,
,,,,,,FALSE,FALSE,FALSE,,FALSE,FALSE,FALSE,FALSE,FALSE,FALSE,,,,FALSE,FALSE,FALSE,FALSE,,
,,,,,,FALSE,FALSE,FALSE,,FALSE,FALSE,FALSE,FALSE,FALSE,FALSE,,,,FALSE,FALSE,FALSE,FALSE,,
,,,,,,FALSE,FALSE,FALSE,,FALSE,FALSE,FALSE,FALSE,FALSE,FALSE,,,,FALSE,FALSE,FALSE,FALSE,,
,,,,,,FALSE,FALSE,FALSE,,FALSE,FALSE,FALSE,FALSE,FALSE,FALSE,,,,FALSE,FALSE,FALSE,FALSE,,
,,,,,,FALSE,FALSE,FALSE,,FALSE,FALSE,FALSE,FALSE,FALSE,FALSE,,,,FALSE,FALSE,FALSE,FALSE,,
,,,,,,FALSE,FALSE,FALSE,,FALSE,FALSE,FALSE,FALSE,FALSE,FALSE,,,,FALSE,FALSE,FALSE,FALSE,,
,,,,,,FALSE,FALSE,FALSE,,FALSE,FALSE,FALSE,FALSE,FALSE,FALSE,,,,FALSE,FALSE,FALSE,FALSE,,
,,,,,,FALSE,FALSE,FALSE,,FALSE,FALSE,FALSE,FALSE,FALSE,FALSE,,,,FALSE,FALSE,FALSE,FALSE,,
,,,,,,FALSE,FALSE,FALSE,,FALSE,FALSE,FALSE,FALSE,FALSE,FALSE,,,,FALSE,FALSE,FALSE,FALSE,,
,,,,,,FALSE,FALSE,FALSE,,FALSE,FALSE,FALSE,FALSE,FALSE,FALSE,,,,FALSE,FALSE,FALSE,FALSE,,
,,,,,,FALSE,FALSE,FALSE,,FALSE,FALSE,FALSE,FALSE,FALSE,FALSE,,,,FALSE,FALSE,FALSE,FALSE,,
,,,,,,FALSE,FALSE,FALSE,,FALSE,FALSE,FALSE,FALSE,FALSE,FALSE,,,,FALSE,FALSE,FALSE,FALSE,,
,,,,,,FALSE,FALSE,FALSE,,FALSE,FALSE,FALSE,FALSE,FALSE,FALSE,,,,FALSE,FALSE,FALSE,FALSE,,
,,,,,,FALSE,FALSE,FALSE,,FALSE,FALSE,FALSE,FALSE,FALSE,FALSE,,,,FALSE,FALSE,FALSE,FALSE,,
,,,,,,FALSE,FALSE,FALSE,,FALSE,FALSE,FALSE,FALSE,FALSE,FALSE,,,,FALSE,FALSE,FALSE,FALSE,,
,,,,,,FALSE,FALSE,FALSE,,FALSE,FALSE,FALSE,FALSE,FALSE,FALSE,,,,FALSE,FALSE,FALSE,FALSE,,
,,,,,,FALSE,FALSE,FALSE,,FALSE,FALSE,FALSE,FALSE,FALSE,FALSE,,,,FALSE,FALSE,FALSE,FALSE,,
,,,,,,FALSE,FALSE,FALSE,,FALSE,FALSE,FALSE,FALSE,FALSE,FALSE,,,,FALSE,FALSE,FALSE,FALSE,,
,,,,,,FALSE,FALSE,FALSE,,FALSE,FALSE,FALSE,FALSE,FALSE,FALSE,,,,FALSE,FALSE,FALSE,FALSE,,
,,,,,,FALSE,FALSE,FALSE,,FALSE,FALSE,FALSE,FALSE,FALSE,FALSE,,,,FALSE,FALSE,FALSE,FALSE,,
,,,,,,FALSE,FALSE,FALSE,,FALSE,FALSE,FALSE,FALSE,FALSE,FALSE,,,,FALSE,FALSE,FALSE,FALSE,,
,,,,,,FALSE,FALSE,FALSE,,FALSE,FALSE,FALSE,FALSE,FALSE,FALSE,,,,FALSE,FALSE,FALSE,FALSE,,
,,,,,,FALSE,FALSE,FALSE,,FALSE,FALSE,FALSE,FALSE,FALSE,FALSE,,,,FALSE,FALSE,FALSE,FALSE,,
,,,,,,FALSE,FALSE,FALSE,,FALSE,FALSE,FALSE,FALSE,FALSE,FALSE,,,,FALSE,FALSE,FALSE,FALSE,,
,,,,,,FALSE,FALSE,FALSE,,FALSE,FALSE,FALSE,FALSE,FALSE,FALSE,,,,FALSE,FALSE,FALSE,FALSE,,
,,,,,,FALSE,FALSE,FALSE,,FALSE,FALSE,FALSE,FALSE,FALSE,FALSE,,,,FALSE,FALSE,FALSE,FALSE,,
,,,,,,FALSE,FALSE,FALSE,,FALSE,FALSE,FALSE,FALSE,FALSE,FALSE,,,,FALSE,FALSE,FALSE,FALSE,,
,,,,,,FALSE,FALSE,FALSE,,FALSE,FALSE,FALSE,FALSE,FALSE,FALSE,,,,FALSE,FALSE,FALSE,FALSE,,
,,,,,,FALSE,FALSE,FALSE,,FALSE,FALSE,FALSE,FALSE,FALSE,FALSE,,,,FALSE,FALSE,FALSE,FALSE,,
,,,,,,FALSE,FALSE,FALSE,,FALSE,FALSE,FALSE,FALSE,FALSE,FALSE,,,,FALSE,FALSE,FALSE,FALSE,,
,,,,,,FALSE,FALSE,FALSE,,FALSE,FALSE,FALSE,FALSE,FALSE,FALSE,,,,FALSE,FALSE,FALSE,FALSE,,
,,,,,,FALSE,FALSE,FALSE,,FALSE,FALSE,FALSE,FALSE,FALSE,FALSE,,,,FALSE,FALSE,FALSE,FALSE,,
,,,,,,FALSE,FALSE,FALSE,,FALSE,FALSE,FALSE,FALSE,FALSE,FALSE,,,,FALSE,FALSE,FALSE,FALSE,,
,,,,,,FALSE,FALSE,FALSE,,FALSE,FALSE,FALSE,FALSE,FALSE,FALSE,,,,FALSE,FALSE,FALSE,FALSE,,
,,,,,,FALSE,FALSE,FALSE,,FALSE,FALSE,FALSE,FALSE,FALSE,FALSE,,,,FALSE,FALSE,FALSE,FALSE,,
,,,,,,FALSE,FALSE,FALSE,,FALSE,FALSE,FALSE,FALSE,FALSE,FALSE,,,,FALSE,FALSE,FALSE,FALSE,,
,,,,,,FALSE,FALSE,FALSE,,FALSE,FALSE,FALSE,FALSE,FALSE,FALSE,,,,FALSE,FALSE,FALSE,FALSE,,
,,,,,,FALSE,FALSE,FALSE,,FALSE,FALSE,FALSE,FALSE,FALSE,FALSE,,,,FALSE,FALSE,FALSE,FALSE,,
,,,,,,FALSE,FALSE,FALSE,,FALSE,FALSE,FALSE,FALSE,FALSE,FALSE,,,,FALSE,FALSE,FALSE,FALSE,,
,,,,,,FALSE,FALSE,FALSE,,FALSE,FALSE,FALSE,FALSE,FALSE,FALSE,,,,FALSE,FALSE,FALSE,FALSE,,
,,,,,,FALSE,FALSE,FALSE,,FALSE,FALSE,FALSE,FALSE,FALSE,FALSE,,,,FALSE,FALSE,FALSE,FALSE,,
,,,,,,FALSE,FALSE,FALSE,,FALSE,FALSE,FALSE,FALSE,FALSE,FALSE,,,,FALSE,FALSE,FALSE,FALSE,,
,,,,,,FALSE,FALSE,FALSE,,FALSE,FALSE,FALSE,FALSE,FALSE,FALSE,,,,FALSE,FALSE,FALSE,FALSE,,
,,,,,,FALSE,FALSE,FALSE,,FALSE,FALSE,FALSE,FALSE,FALSE,FALSE,,,,FALSE,FALSE,FALSE,FALSE,,
,,,,,,FALSE,FALSE,FALSE,,FALSE,FALSE,FALSE,FALSE,FALSE,FALSE,,,,FALSE,FALSE,FALSE,FALSE,,
,,,,,,FALSE,FALSE,FALSE,,FALSE,FALSE,FALSE,FALSE,FALSE,FALSE,,,,FALSE,FALSE,FALSE,FALSE,,
,,,,,,FALSE,FALSE,FALSE,,FALSE,FALSE,FALSE,FALSE,FALSE,FALSE,,,,FALSE,FALSE,FALSE,FALSE,,
,,,,,,FALSE,FALSE,FALSE,,FALSE,FALSE,FALSE,FALSE,FALSE,FALSE,,,,FALSE,FALSE,FALSE,FALSE,,
,,,,,,FALSE,FALSE,FALSE,,FALSE,FALSE,FALSE,FALSE,FALSE,FALSE,,,,FALSE,FALSE,FALSE,FALSE,,
,,,,,,FALSE,FALSE,FALSE,,FALSE,FALSE,FALSE,FALSE,FALSE,FALSE,,,,FALSE,FALSE,FALSE,FALSE,,
,,,,,,FALSE,FALSE,FALSE,,FALSE,FALSE,FALSE,FALSE,FALSE,FALSE,,,,FALSE,FALSE,FALSE,FALSE,,
,,,,,,FALSE,FALSE,FALSE,,FALSE,FALSE,FALSE,FALSE,FALSE,FALSE,,,,FALSE,FALSE,FALSE,FALSE,,
,,,,,,FALSE,FALSE,FALSE,,FALSE,FALSE,FALSE,FALSE,FALSE,FALSE,,,,FALSE,FALSE,FALSE,FALSE,,
,,,,,,FALSE,FALSE,FALSE,,FALSE,FALSE,FALSE,FALSE,FALSE,FALSE,,,,FALSE,FALSE,FALSE,FALSE,,
,,,,,,FALSE,FALSE,FALSE,,FALSE,FALSE,FALSE,FALSE,FALSE,FALSE,,,,FALSE,FALSE,FALSE,FALSE,,
,,,,,,FALSE,FALSE,FALSE,,FALSE,FALSE,FALSE,FALSE,FALSE,FALSE,,,,FALSE,FALSE,FALSE,FALSE,,
,,,,,,FALSE,FALSE,FALSE,,FALSE,FALSE,FALSE,FALSE,FALSE,FALSE,,,,FALSE,FALSE,FALSE,FALSE,,
,,,,,,FALSE,FALSE,FALSE,,FALSE,FALSE,FALSE,FALSE,FALSE,FALSE,,,,FALSE,FALSE,FALSE,FALSE,,
,,,,,,FALSE,FALSE,FALSE,,FALSE,FALSE,FALSE,FALSE,FALSE,FALSE,,,,FALSE,FALSE,FALSE,FALSE,,
,,,,,,FALSE,FALSE,FALSE,,FALSE,FALSE,FALSE,FALSE,FALSE,FALSE,,,,FALSE,FALSE,FALSE,FALSE,,
,,,,,,FALSE,FALSE,FALSE,,FALSE,FALSE,FALSE,FALSE,FALSE,FALSE,,,,FALSE,FALSE,FALSE,FALSE,,
,,,,,,FALSE,FALSE,FALSE,,FALSE,FALSE,FALSE,FALSE,FALSE,FALSE,,,,FALSE,FALSE,FALSE,FALSE,,
,,,,,,FALSE,FALSE,FALSE,,FALSE,FALSE,FALSE,FALSE,FALSE,FALSE,,,,FALSE,FALSE,FALSE,FALSE,,
,,,,,,FALSE,FALSE,FALSE,,FALSE,FALSE,FALSE,FALSE,FALSE,FALSE,,,,FALSE,FALSE,FALSE,FALSE,,
,,,,,,FALSE,FALSE,FALSE,,FALSE,FALSE,FALSE,FALSE,FALSE,FALSE,,,,FALSE,FALSE,FALSE,FALSE,,
,,,,,,FALSE,FALSE,FALSE,,FALSE,FALSE,FALSE,FALSE,FALSE,FALSE,,,,FALSE,FALSE,FALSE,FALSE,,
,,,,,,FALSE,FALSE,FALSE,,FALSE,FALSE,FALSE,FALSE,FALSE,FALSE,,,,FALSE,FALSE,FALSE,FALSE,,
,,,,,,FALSE,FALSE,FALSE,,FALSE,FALSE,FALSE,FALSE,FALSE,FALSE,,,,FALSE,FALSE,FALSE,FALSE,,
,,,,,,FALSE,FALSE,FALSE,,FALSE,FALSE,FALSE,FALSE,FALSE,FALSE,,,,FALSE,FALSE,FALSE,FALSE,,
,,,,,,FALSE,FALSE,FALSE,,FALSE,FALSE,FALSE,FALSE,FALSE,FALSE,,,,FALSE,FALSE,FALSE,FALSE,,
,,,,,,FALSE,FALSE,FALSE,,FALSE,FALSE,FALSE,FALSE,FALSE,FALSE,,,,FALSE,FALSE,FALSE,FALSE,,
,,,,,,FALSE,FALSE,FALSE,,FALSE,FALSE,FALSE,FALSE,FALSE,FALSE,,,,FALSE,FALSE,FALSE,FALSE,,
,,,,,,FALSE,FALSE,FALSE,,FALSE,FALSE,FALSE,FALSE,FALSE,FALSE,,,,FALSE,FALSE,FALSE,FALSE,,
,,,,,,FALSE,FALSE,FALSE,,FALSE,FALSE,FALSE,FALSE,FALSE,FALSE,,,,FALSE,FALSE,FALSE,FALSE,,
,,,,,,FALSE,FALSE,FALSE,,FALSE,FALSE,FALSE,FALSE,FALSE,FALSE,,,,FALSE,FALSE,FALSE,FALSE,,
,,,,,,FALSE,FALSE,FALSE,,FALSE,FALSE,FALSE,FALSE,FALSE,FALSE,,,,FALSE,FALSE,FALSE,FALSE,,
,,,,,,FALSE,FALSE,FALSE,,FALSE,FALSE,FALSE,FALSE,FALSE,FALSE,,,,FALSE,FALSE,FALSE,FALSE,,
,,,,,,FALSE,FALSE,FALSE,,FALSE,FALSE,FALSE,FALSE,FALSE,FALSE,,,,FALSE,FALSE,FALSE,FALSE,,
,,,,,,FALSE,FALSE,FALSE,,FALSE,FALSE,FALSE,FALSE,FALSE,FALSE,,,,FALSE,FALSE,FALSE,FALSE,,
,,,,,,FALSE,FALSE,FALSE,,FALSE,FALSE,FALSE,FALSE,FALSE,FALSE,,,,FALSE,FALSE,FALSE,FALSE,,
,,,,,,FALSE,FALSE,FALSE,,FALSE,FALSE,FALSE,FALSE,FALSE,FALSE,,,,FALSE,FALSE,FALSE,FALSE,,
,,,,,,FALSE,FALSE,FALSE,,FALSE,FALSE,FALSE,FALSE,FALSE,FALSE,,,,FALSE,FALSE,FALSE,FALSE,,
,,,,,,FALSE,FALSE,FALSE,,FALSE,FALSE,FALSE,FALSE,FALSE,FALSE,,,,FALSE,FALSE,FALSE,FALSE,,
,,,,,,FALSE,FALSE,FALSE,,FALSE,FALSE,FALSE,FALSE,FALSE,FALSE,,,,FALSE,FALSE,FALSE,FALSE,,
,,,,,,FALSE,FALSE,FALSE,,FALSE,FALSE,FALSE,FALSE,FALSE,FALSE,,,,FALSE,FALSE,FALSE,FALSE,,
,,,,,,FALSE,FALSE,FALSE,,FALSE,FALSE,FALSE,FALSE,FALSE,FALSE,,,,FALSE,FALSE,FALSE,FALSE,,
,,,,,,FALSE,FALSE,FALSE,,FALSE,FALSE,FALSE,FALSE,FALSE,FALSE,,,,FALSE,FALSE,FALSE,FALSE,,
,,,,,,FALSE,FALSE,FALSE,,FALSE,FALSE,FALSE,FALSE,FALSE,FALSE,,,,FALSE,FALSE,FALSE,FALSE,,